index,bb_smiles
0,Br.Br.NCC1CCCN1c1cccnn1
1,Br.NCc1cccc(Br)n1
2,C#CCCC[C@H](NC(=O)OCC1c2ccccc2-c2ccccc21)C(=O)O
3,C#CCN(C)CCCN
4,C#CCOc1ccc(CN)cc1.Cl
5,C#CCOc1cccc(CN)c1.Cl
6,C#CC[C@@H](CC(=O)O)NC(=O)OCC1c2ccccc2-c2ccccc21
7,C#CC[C@@H](NC(=O)OCC1c2ccccc2-c2ccccc21)C(=O)O
8,C#CC[C@@](C)(NC(=O)OCC1c2ccccc2-c2ccccc21)C(=O)O
9,C#CC[C@H](CC(=O)O)NC(=O)OCC1c2ccccc2-c2ccccc21
10,C#CC[C@H](NC(=O)OCC1c2ccccc2-c2ccccc21)C(=O)O
11,C#Cc1ccc(N)cc1
12,C#Cc1cccc(N)c1
13,C/C(=C\B1OC(C)(C)C(C)(C)O1)c1ccnn1C
14,C=C(C)B1OC(C)(C)C(C)(C)O1
15,C=C(C)C(=O)NCCN.Cl
16,C=C(C)COCCN.Cl
17,C=C(Cl)CN.Cl
18,C=C1CCC(CN)CC1.Cl
19,C=CB1OC(C)(C)C(C)(C)O1
20,C=CCC(=O)O
21,C=CCC(CC=C)(NC(=O)OCC1c2ccccc2-c2ccccc21)C(=O)O
22,C=CCC(NC(=O)OCC1c2ccccc2-c2ccccc21)C(=O)O
23,C=CCC[C@@H](NC(=O)OCC1c2ccccc2-c2ccccc21)C(=O)O
24,C=CCNC(=O)CN.Cl
25,C=CCOC(C)CN
26,C=CCOCCCN
27,C=CCOCCN
28,C=CCSCCN
29,C=CC[C@@H](NC(=O)OCC1c2ccccc2-c2ccccc21)C(=O)O
30,C=CC[C@H](NC(=O)OCC1c2ccccc2-c2ccccc21)C(=O)O
31,C=Cc1ccc(N)cc1
32,CB1OC(C)(C)C(C)(C)O1
33,CC(=O)N1CC=C(B2OC(C)(C)C(C)(C)O2)CC1
34,CC(=O)N1CCN(CC(=O)O)CC1
35,CC(=O)N[C@H]1CC[C@H](C(=O)O)CC1
36,CC(=O)Nc1cc(C(=O)O)ccn1
37,CC(=O)Nc1ccc(B2OC(C)(C)C(C)(C)O2)cc1C(F)(F)F
38,CC(=O)Nc1cccc(B(O)O)c1
39,CC(=O)Nc1cccc(C(=O)O)c1
40,CC(=O)Nc1cccc(N)n1
41,CC(=O)Nc1ccnc(C(=O)O)c1
42,CC(=O)SCCN.Cl
43,CC(=O)c1ccc(B(O)O)s1
44,CC(=O)c1ccc(C[C@H](NC(=O)OCC2c3ccccc3-c3ccccc32)C(=O)O)cc1
45,CC(=O)c1ccc(N)c(F)c1
46,CC(=O)c1cccc(B2OC(C)(C)C(C)(C)O2)c1
47,CC(=O)c1cccc(N)c1
48,CC(=O)c1ncc(C(=O)O)s1
49,CC(C)(C#N)c1cc(B2OC(C)(C)C(C)(C)O2)ccn1
50,CC(C)(C#N)c1ccc(N)cc1
51,CC(C)(C)C(=O)Nc1cc(C(=O)O)ccn1
52,CC(C)(C)C1=NOC(C(=O)O)C1
53,CC(C)(C)C1CC=C(B2OC(C)(C)C(C)(C)O2)CC1
54,CC(C)(C)C1CCC(C(=O)O)CC1
55,CC(C)(C)CC(=O)O
56,CC(C)(C)NC(=O)c1cccc(B(O)O)c1
57,CC(C)(C)NS(=O)(=O)c1ccc(B(O)O)cc1
58,CC(C)(C)NS(=O)(=O)c1cccc(N)c1
59,CC(C)(C)OC(=O)CC(NC(=O)OCC1c2ccccc2-c2ccccc21)C(=O)O
60,CC(C)(C)OC(=O)CCC(NC(=O)OCC1c2ccccc2-c2ccccc21)C(=O)O
61,CC(C)(C)OC(=O)N1CC(c2ccccc2Br)=C[C@H]1C(=O)O
62,CC(C)(C)OC(=O)N1CCC(C(=O)O)(c2ccc(Br)cc2)CC1
63,CC(C)(C)OC(=O)N1CCC(C(=O)O)(c2cccc(Br)c2)CC1
64,CC(C)(C)OC(=O)N1CCC(COc2cc(I)ccc2C(=O)O)CC1
65,CC(C)(C)OC(=O)N1CCC(COc2ccc(C(=O)O)cc2I)CC1
66,CC(C)(C)OC(=O)N1CCC(Oc2cc(C(=O)O)ccc2I)CC1
67,CC(C)(C)OC(=O)N1CCC(n2cc(N)cn2)CC1
68,CC(C)(C)OC(=O)N1CCC[C@@H](c2cccc(I)c2)[C@@H]1C(=O)O
69,CC(C)(C)OC(=O)N1CCC[C@@H](n2cc(Br)cc2C(=O)O)C1
70,CC(C)(C)OC(=O)N1CCC[C@H](n2cc(C(=O)O)c3cc(Br)ccc32)C1
71,CC(C)(C)OC(=O)N1CCN(C(=O)OCC2c3ccccc3-c3ccccc32)C1C(=O)O
72,CC(C)(C)OC(=O)N1CCN(c2ccccc2N)CC1
73,CC(C)(C)OC(=O)N1CC[C@@](Cc2ccc(Br)s2)(C(=O)O)C1
74,CC(C)(C)OC(=O)N1CC[C@H](Oc2cc(I)ccc2C(=O)O)C1
75,CC(C)(C)OC(=O)N1CC[C@](Cc2ccc(Br)cc2)(C(=O)O)C1
76,CC(C)(C)OC(=O)N1C[C@@H](C(=O)O)[C@H](c2cccc(Br)c2)C1
77,CC(C)(C)OC(=O)N1C[C@@H](NC(=O)OCC2c3ccccc3-c3ccccc32)[C@H](C(=O)O)C1
78,CC(C)(C)OC(=O)N1C[C@@H](Oc2cc(Br)ccn2)C[C@@H]1C(=O)O
79,CC(C)(C)OC(=O)N1C[C@@H](n2cnc(Br)c2)C[C@H]1C(=O)O
80,CC(C)(C)OC(=O)N1C[C@@H](n2cncc2Br)C[C@H]1C(=O)O
81,CC(C)(C)OC(=O)N1C[C@H](Oc2ccccc2I)C[C@@H]1C(=O)O
82,CC(C)(C)OC(=O)N1Cc2c(N)n[nH]c2C1(C)C
83,CC(C)(C)OC(=O)N[C@@H]1CCCN(c2ncc(Br)cc2C(=O)O)C1
84,CC(C)(C)OC(=O)n1ncc2cc(N)ccc21
85,CC(C)(C)OCC(NC(=O)OCC1c2ccccc2-c2ccccc21)C(=O)O
86,CC(C)(C)OCCC(=O)O
87,CC(C)(C)OCc1ccc(B(O)O)cc1
88,CC(C)(C)Oc1ccc(CC(NC(=O)OCC2c3ccccc3-c3ccccc32)C(=O)O)cc1
89,CC(C)(C)[C@@H]1C[C@H]1C(=O)O
90,CC(C)(C)c1cc(B(O)O)cc(C(C)(C)C)c1
91,CC(C)(C)c1cc(C(=O)O)n(Cc2ccccc2)n1
92,CC(C)(C)c1cc(N)n[nH]1
93,CC(C)(C)c1ccc(B(O)O)cc1
94,CC(C)(C)c1ccc(C(=O)O)c(NC(=O)OCC2c3ccccc3-c3ccccc32)c1
95,CC(C)(C)c1ccc(O)c(N)c1
96,CC(C)(C)c1cccc(B(O)O)c1
97,CC(C)(C)c1ccnc2c(C(=O)O)cnn12
98,CC(C)(C)c1nc(C(=O)O)co1
99,CC(C)(C)c1nnc(CN)s1.Cl
100,CC(C)(C)c1nnc2ccc(C(=O)O)cn12
101,CC(C)(C)c1ocnc1CN.Cl
102,CC(C)(C)n1cc(CC(=O)O)cn1
103,CC(C)(C)n1ccc(C(=O)O)n1
104,CC(C)(C)n1nc(C(=O)O)cc1C1CC1
105,CC(C)(C)n1nccc1C(=O)O
106,CC(C)(CN)C(=O)N1CCCC1
107,CC(C)(CN)CCC#N
108,CC(C)(CN)CCS(C)(=O)=O.Cl
109,CC(C)(O)/C=C/B1OC(C)(C)C(C)(C)O1
110,CC(C)(Oc1ccc(F)cc1)C(=O)O
111,CC(C)=CC(=O)O
112,CC(C)C(=O)Nc1cccc(B(O)O)c1
113,CC(C)C(=O)O
114,CC(C)C(=O)c1c[nH]c(C(=O)O)c1
115,CC(C)C(NC(=O)OCC1c2ccccc2-c2ccccc21)C(=O)O
116,CC(C)CC(C)(CN)NC(=O)c1cc(Cl)c(Cl)[nH]1.Cl
117,CC(C)CC(NC(=O)OCC1c2ccccc2-c2ccccc21)C(=O)O
118,CC(C)COc1cc(OC(F)(F)F)cc(B(O)O)c1
119,CC(C)COc1ccc(B(O)O)cc1
120,CC(C)COc1ncc(C(F)(F)F)cc1B(O)O
121,CC(C)COc1ncccc1C(=O)O
122,CC(C)Cn1cnc2c(N)nc3ccccc3c21
123,CC(C)Cn1ncc2cc(C(=O)O)cnc21
124,CC(C)N1CCNC(=O)C1CC(=O)O
125,CC(C)NC(=O)NCCN.Cl.Cl
126,CC(C)Oc1cc(B(O)O)cc(C(F)(F)F)c1
127,CC(C)Oc1ccc(F)cc1B(O)O
128,CC(C)Oc1cccc(B(O)O)c1F
129,CC(C)Oc1ncc(C(F)(F)F)cc1B(O)O
130,CC(C)Oc1ncccc1B(O)O
131,CC(C)S(=O)(=O)c1ccc(B(O)O)cc1
132,CC(C)[C@@H]1C[C@H]1C(=O)O
133,CC(C)c1ccc(O)c(B(O)O)c1
134,CC(C)c1ccc2sc(B3OC(C)(C)C(C)(C)O3)cc2c1
135,CC(C)c1ccnc2cc(C(=O)O)nn12
136,CC(C)c1nc(N)sc1Br
137,CC(C)c1nnc([C@H]2C[C@H](CN)[C@H](O)C2)[nH]1
138,CC(C)n1ccc(B2OC(C)(C)C(C)(C)O2)n1
139,CC(C)n1nccc1[C@@H]1OCC[C@H]1C(=O)O
140,CC(CC(=O)O)c1cccc(F)c1
141,CC(CCN)S(C)=O
142,CC(CN)Cn1cccn1
143,CC(CN)N1CCC1
144,CC(CN)OC(C)(C)C.Cl
145,CC(CN)Oc1ccc(Cl)cc1
146,CC(CN)S(=O)(=O)N1CCN(c2ccccc2)CC1.Cl.Cl
147,CC(CN)S(C)=O
148,CC(CN)S(N)(=O)=O.Cl
149,CC(CN)Sc1ccccc1
150,CC(CN)c1c(Cl)cccc1Cl
151,CC(CN)c1nccs1
152,CC(F)(F)CN.Cl
153,CC(F)(F)c1cccc(B2OC(C)(C)C(C)(C)O2)c1
154,CC(F)C(=O)O
155,CC(NC(=O)OCC1c2ccccc2-c2ccccc21)C(=O)O
156,CC(O)(CN)CN1CCOCC1
157,CC(O)(CN)c1ccsc1
158,CC(O)CCN
159,CC(O)Cn1cnc2c(N)ncnc21
160,CC(OC(C)(C)C)C(NC(=O)OCC1c2ccccc2-c2ccccc21)C(=O)O
161,CC(OC1CCCC1)C(=O)O
162,CC(OCC(F)(F)F)C(=O)O
163,CC(Sc1nnnn1C1CC1)C(=O)O
164,CC1(C(=O)O)CC1
165,CC1(C(=O)O)CCC1
166,CC1(C)C(C(=O)O)C1(F)F
167,CC1(C)CC(C(=O)O)CO1
168,CC1(C)CC(CCN)C(=O)N1.Cl
169,CC1(C)CC(CN)C(C)(C)O1
170,CC1(C)CCC(C(=O)O)O1
171,CC1(C)CCC1C(=O)O
172,CC1(C)CCCC1(O)CN
173,CC1(C)CCOC1CCN
174,CC1(C)COC1C(=O)O
175,CC1(C)C[C@@H]1C(=O)O
176,CC1(C)Cc2cccc(B3OC(C)(C)C(C)(C)O3)c2O1
177,CC1(C)NC(=O)N(CCCN)C1=O.Cl
178,CC1(C)OB(/C=C/c2ccc(F)c(F)c2)OC1(C)C
179,CC1(C)OB(C2=CCC(F)(F)CC2)OC1(C)C
180,CC1(C)OB(C2=CCC(O)CC2)OC1(C)C
181,CC1(C)OB(C2=CCCCC2)OC1(C)C
182,CC1(C)OB(C2=CCCOC2)OC1(C)C
183,CC1(C)OB(C2=CCNCC2)OC1(C)C
184,CC1(C)OB(C2=CCOC2)OC1(C)C
185,CC1(C)OB(C2=COCCC2)OC1(C)C
186,CC1(C)OB(C2=COCCO2)OC1(C)C
187,CC1(C)OB(C=C(c2ccccc2)C(F)(F)F)OC1(C)C
188,CC1(C)OB(C=C2CCC2)OC1(C)C
189,CC1(C)OB(C=C2CCCC2)OC1(C)C
190,CC1(C)OB(C=C2CCCCC2)OC1(C)C
191,CC1(C)OB(C=C2CCOCC2)OC1(C)C
192,CC1(C)OB(C=C2CCS(=O)(=O)CC2)OC1(C)C
193,CC1(C)OB(O)c2ccccc21
194,CC1(C)OB(c2c[nH]c3ncccc23)OC1(C)C
195,CC1(C)OB(c2cc(F)ccc2OC(F)F)OC1(C)C
196,CC1(C)OB(c2cc(O)ccc2F)OC1(C)C
197,CC1(C)OB(c2cc3ccccc3[nH]2)OC1(C)C
198,CC1(C)OB(c2cc3cccnc3s2)OC1(C)C
199,CC1(C)OB(c2cc3ccoc3cc2F)OC1(C)C
200,CC1(C)OB(c2cc3occc3cc2F)OC1(C)C
201,CC1(C)OB(c2cc[nH]c2)OC1(C)C
202,CC1(C)OB(c2ccc(-c3ccccn3)cc2)OC1(C)C
203,CC1(C)OB(c2ccc(-c3ccncc3)cc2)OC1(C)C
204,CC1(C)OB(c2ccc(C(F)(F)F)o2)OC1(C)C
205,CC1(C)OB(c2ccc(C3CC3)c(C#N)c2)OC1(C)C
206,CC1(C)OB(c2ccc(C3CCC(=O)N3)cc2)OC1(C)C
207,CC1(C)OB(c2ccc(C3OCC3(F)F)cc2)OC1(C)C
208,CC1(C)OB(c2ccc(CN3CCOCC3)s2)OC1(C)C
209,CC1(C)OB(c2ccc(Cn3ccc(C(F)(F)F)n3)cc2)OC1(C)C
210,CC1(C)OB(c2ccc(F)c(C#N)c2)OC1(C)C
211,CC1(C)OB(c2ccc(F)c3ccccc23)OC1(C)C
212,CC1(C)OB(c2ccc(F)cc2C2CC2)OC1(C)C
213,CC1(C)OB(c2ccc(N)cc2)OC1(C)C
214,CC1(C)OB(c2ccc(N3CCOCC3)nc2)OC1(C)C
215,CC1(C)OB(c2ccc(NS(C)(=O)=O)cc2)OC1(C)C
216,CC1(C)OB(c2ccc(OCC3CC3)nc2)OC1(C)C
217,CC1(C)OB(c2ccc(S(C)(=O)=O)c(C#N)c2)OC1(C)C
218,CC1(C)OB(c2ccc3[nH]c(C(F)(F)F)cc3c2)OC1(C)C
219,CC1(C)OB(c2ccc3[nH]ccc3c2)OC1(C)C
220,CC1(C)OB(c2ccc3c(c2)-c2ccccc2C3)OC1(C)C
221,CC1(C)OB(c2ccc3c(c2)C(=O)NCCO3)OC1(C)C
222,CC1(C)OB(c2ccc3c(c2)CCC(=O)N3)OC1(C)C
223,CC1(C)OB(c2ccc3c(c2)CCN3)OC1(C)C
224,CC1(C)OB(c2ccc3c(c2)CCO3)OC1(C)C
225,CC1(C)OB(c2ccc3c(c2)COC3)OC1(C)C
226,CC1(C)OB(c2ccc3c(c2)COCC(=O)N3)OC1(C)C
227,CC1(C)OB(c2ccc3c(c2)COCC3)OC1(C)C
228,CC1(C)OB(c2ccc3cc[nH]c3c2)OC1(C)C
229,CC1(C)OB(c2ccc3ccoc3c2F)OC1(C)C
230,CC1(C)OB(c2ccc3nccnc3c2)OC1(C)C
231,CC1(C)OB(c2ccc3ncnn3c2)OC1(C)C
232,CC1(C)OB(c2ccc3nncn3c2)OC1(C)C
233,CC1(C)OB(c2ccc3occc3c2)OC1(C)C
234,CC1(C)OB(c2cccc(C(F)(F)C(F)(F)F)c2)OC1(C)C
235,CC1(C)OB(c2cccc(CC#N)c2)OC1(C)C
236,CC1(C)OB(c2cccc(Cc3ccccc3)c2)OC1(C)C
237,CC1(C)OB(c2cccc(N3CCOCC3)c2)OC1(C)C
238,CC1(C)OB(c2cccc(NC(=O)c3cccc(C(F)(F)F)c3)c2)OC1(C)C
239,CC1(C)OB(c2cccc(OCCn3ccnc3)c2)OC1(C)C
240,CC1(C)OB(c2cccc3[nH]ccc23)OC1(C)C
241,CC1(C)OB(c2cccc3c2CCNC3=O)OC1(C)C
242,CC1(C)OB(c2cccc3c2CCO3)OC1(C)C
243,CC1(C)OB(c2cccc3cc[nH]c23)OC1(C)C
244,CC1(C)OB(c2cccc3ccoc23)OC1(C)C
245,CC1(C)OB(c2ccccc2F)OC1(C)C
246,CC1(C)OB(c2cccnc2N2CCCC2)OC1(C)C
247,CC1(C)OB(c2ccn3nccc3c2)OC1(C)C
248,CC1(C)OB(c2ccnc(N3CCCC3)c2)OC1(C)C
249,CC1(C)OB(c2ccnc3[nH]ccc23)OC1(C)C
250,CC1(C)OB(c2ccsc2C(F)(F)F)OC1(C)C
251,CC1(C)OB(c2cnc(-c3ccccc3)s2)OC1(C)C
252,CC1(C)OB(c2cnc(NCc3ccco3)nc2)OC1(C)C
253,CC1(C)OB(c2cnc3[nH]ccc3c2)OC1(C)C
254,CC1(C)OB(c2cnc3[nH]ncc3c2)OC1(C)C
255,CC1(C)OB(c2cnc3occc3c2)OC1(C)C
256,CC1(C)OB(c2cncc(C(F)(F)F)c2)OC1(C)C
257,CC1(C)OB(c2cncc(OC(F)F)c2)OC1(C)C
258,CC1(C)OB(c2cncnc2)OC1(C)C
259,CC1(C)OB(c2cnn(C3CCCCO3)c2)OC1(C)C
260,CC1(C)OB(c2cnn(CCN3CCCC3=O)c2)OC1(C)C
261,CC1(C)OB(c2cnn3ccccc23)OC1(C)C
262,CC1(C)OB(c2cnn3cccnc23)OC1(C)C
263,CC1(C)OB(c2cnsc2)OC1(C)C
264,CC1(C)OB(c2csc(C(F)(F)F)n2)OC1(C)C
265,CC1(C)OB(c2sccc2C#N)OC1(C)C
266,CC1(C)OB(c2sccc2C2CC2)OC1(C)C
267,CC1(C)c2ccccc2-c2ccc(B(O)O)cc21
268,CC1(CC(=O)O)CC1
269,CC1(CCCCN)OCCO1
270,CC1(CN)CCC2(CC1)OCCO2
271,CC1(F)CC(C(=O)O)C1
272,CC1(F)CCN(CCN)C1.Cl.Cl
273,CC12CC(C(=O)O)(CO1)C2
274,CC12CCC(CN)(C1)OC2.Cl
275,CC1=CC2=NC(=O)CC(C)(C(=O)O)N2C=C1
276,CC1=CC=CC2=NC(=O)CC(C)(C(=O)O)N12
277,CC1=CCN(CCN)CC1.Cl.Cl
278,CC1=NN(c2ccc(C(=O)O)cc2)CC1
279,CC1CC(C)(C(=O)O)C1
280,CC1CC(CN)C(C)O1
281,CC1CC=C(B2OC(C)(C)C(C)(C)O2)CC1
282,CC1CCC(C(=O)O)CC1
283,CC1CCCC(CN)O1
284,CC1CCc2nc(CN)sc2C1
285,CC1CN(S(=O)(=O)CCN)CC(C)O1
286,CC1CN(c2cc(CN)ccn2)CCO1
287,CC1Cc2cc(CN)ccc2O1
288,CC1OCCC1C(=O)O
289,CCC#CCN
290,CCC(=O)O
291,CCC(C(=O)O)n1cncn1
292,CCC(C)(O)CCN
293,CCC(C)C(=O)O
294,CCC(C)C(NC(=O)OCC1c2ccccc2-c2ccccc21)C(=O)O
295,CCC(CC)(CN)OC
296,CCC(CN)Oc1ccccc1C.Cl
297,CCC1(CC)NC(=O)N(CC(=O)O)C1=O
298,CCC1=NN(Cc2ccccc2C)C(=O)C1CCN
299,CCC1COCCN1CCN.Cl.Cl
300,CCCC(=O)O
301,CCCCC(NC(=O)OCC1c2ccccc2-c2ccccc21)C(=O)O
302,CCCCCC1CCC(C(=O)O)CC1
303,CCCCNC(=O)c1ccc(F)c(B(O)O)c1
304,CCCCOc1cc(B(O)O)cc(C(F)(F)F)c1
305,CCCCOc1cc(OC(F)(F)F)cc(B(O)O)c1
306,CCCCOc1ccc(B(O)O)c(F)c1
307,CCCCOc1ccc(B(O)O)c(F)c1F
308,CCCCOc1ccc(C(F)(F)F)cc1B(O)O
309,CCCCOc1ccc(F)c(B(O)O)c1
310,CCCCOc1cccc(B(O)O)c1F
311,CCCCOc1ncc(B(O)O)cc1C
312,CCCCOc1ncc(C(F)(F)F)cc1B(O)O
313,CCCNC(=O)Nc1ccc(B2OC(C)(C)C(C)(C)O2)cc1
314,CCCNC(=O)c1cc(F)cc(B(O)O)c1
315,CCCNS(=O)(=O)c1cccc(C(=O)O)c1
316,CCCOc1cc(B(O)O)cc(C(F)(F)F)c1
317,CCCOc1cc(B(O)O)ccc1OC
318,CCCOc1ccc(B(O)O)c(F)c1
319,CCCOc1ccc(B(O)O)c(F)c1F
320,CCCOc1ccc(B(O)O)cc1C(F)(F)F
321,CCCOc1ccc(C(F)(F)F)cc1B(O)O
322,CCCOc1ccc(F)c(B(O)O)c1
323,CCCOc1cccc(B(O)O)c1F
324,CCCOc1ncc(C(F)(F)F)cc1B(O)O
325,CCC[C@H]1CC[C@H](C(=O)O)CC1
326,CCCc1[nH]ncc1C(=O)O
327,CCCc1cc(C(=O)O)nn1C
328,CCCc1ccc(-c2ccc(B(O)O)c(F)c2)cc1
329,CCCc1oncc1C(=O)O
330,CCN(CC)C(=O)c1ccc(F)c(B(O)O)c1
331,CCN(CC)C(=O)c1ccccc1B(O)O
332,CCN(CC)CCOc1ccc(B2OC(C)(C)C(C)(C)O2)cc1
333,CCN(CC)S(=O)(=O)c1ccc(C)c(B(O)O)c1
334,CCN(CC)S(=O)(=O)c1ccccc1B(O)O
335,CCN(CCCN)S(C)(=O)=O
336,CCN1C(=O)C[C@H](CN)[C@H]1c1ccncc1
337,CCN1CCN(Cc2ccc(N)nc2)CC1
338,CCNS(=O)(=O)c1ccc(B2OC(C)(C)C(C)(C)O2)c(C)c1
339,CCOC(=O)c1c(C)csc1N
340,CCOC(=O)c1c[nH]nc1N
341,CCOC(=O)c1cc(N)[nH]n1
342,CCOC(=O)c1ccc(O)c(N)c1
343,CCOC(=O)c1cccnc1N
344,CCOC(=O)c1cnc(N)[nH]1
345,CCOC(=O)c1cnc(N)cn1
346,CCOC(=O)c1cnc(SC)nc1N
347,CCOC(=O)c1cncnc1N
348,CCOC(=O)c1cnn(C)c1N
349,CCOC(=O)c1coc(N)n1
350,CCOC(=O)c1csc(N)n1
351,CCOC(=O)c1ncccc1N
352,CCOC(=O)c1nnc(N)o1
353,CCOC(=O)c1nonc1N
354,CCOC(=O)c1sc(N)nc1C
355,CCOC(CN)CN(C)C
356,CCOCCCN
357,CCON(C)C(=O)CN.Cl
358,CCON(CC)C(=O)CN.Cl
359,CCOc1cc(B(O)O)cc(C(F)(F)F)c1
360,CCOc1cc(C)c(B(O)O)cc1C
361,CCOc1cc(N)ccn1
362,CCOc1cc(NC(=O)OCC2c3ccccc3-c3ccccc32)c(Cl)cc1C(=O)O
363,CCOc1cc2c(cc1CN)OC(C)C2.Cl
364,CCOc1ccc(B(O)O)c(F)c1F
365,CCOc1ccc(C(F)(F)F)cc1B(O)O
366,CCOc1ccc(C)cc1C(=O)O
367,CCOc1cccc(B(O)O)c1F
368,CCOc1ccccc1B(O)O
369,CCOc1ccnc(N)c1
370,CCS(=O)(=O)N1CC(CN)C1.Cl
371,CCS(=O)(=O)Nc1cccc(C(=O)O)c1
372,CCS(=O)(=O)c1cc(C(=O)O)c(OC)cc1NC(=O)OCC1c2ccccc2-c2ccccc21
373,CCS(=O)CCN.Cl
374,CCSC1CCC1(O)CN
375,CCSCCN.Cl
376,CCSc1ccc(C(=O)O)cn1
377,CCSc1ccc(CN)cc1
378,CCc1c(C)nn(CC(=O)O)c1C
379,CCc1cc(C(=O)O)[nH]n1
380,CCc1cc(C(=O)O)cs1
381,CCc1cc(C(=O)O)nn1C
382,CCc1cc(N)n[nH]1
383,CCc1cccc(NC(=O)OCC2c3ccccc3-c3ccccc32)c1C(=O)O
384,CCc1ccccc1-n1cc(C(=O)O)nn1
385,CCc1ccnc(C(=O)O)c1
386,CCc1nc(C)c(C(=O)O)o1
387,CCc1nc2ccccc2n1CCC(=O)O
388,CCc1ocnc1C(=O)O
389,CCn1c(=O)[nH]c2cc(C(=O)O)ccc21
390,CCn1c2ccccc2c2cc(B(O)O)ccc21
391,CCn1cc(B2OC(C)(C)C(C)(C)O2)c(C)n1
392,CCn1cc(C(=O)O)c(-c2cnn(C)c2)n1
393,CCn1cc(N)c(C)n1
394,CCn1cc2cc(N)ccc2n1
395,CCn1nc(C(=O)O)cc1C(F)(F)F
396,CCn1nc(C(=O)O)cc1C1CC1
397,CCn1nccc1CN
398,CN(C(=O)OCC1c2ccccc2-c2ccccc21)[C@@H](CC1CCCCC1)C(=O)O
399,CN(C(=O)OCC1c2ccccc2-c2ccccc21)[C@@H](Cc1ccc(Cl)cc1)C(=O)O
400,CN(C)C(=O)C1CCC(C(=O)O)CC1
401,CN(C)C(=O)C1CCC(CN)O1.Cl
402,CN(C)C(=O)N1CCCC(C(=O)O)C1
403,CN(C)C(=O)Nc1cccc(C(=O)O)c1
404,CN(C)C(=O)c1cccc(B(O)O)c1F
405,CN(C)C(CN)c1ccco1
406,CN(C)C1(CN)CC1
407,CN(C)C1(CN)CCSC1
408,CN(C)Cc1ccc(F)c(B2OC(C)(C)C(C)(C)O2)c1.Cl
409,CN(C)Cc1ccccc1B(O)O
410,CN(C)S(=O)(=O)Nc1cccc(B(O)O)c1
411,CN(C)c1cc(C(=O)O)ccn1
412,CN(C)c1cc(C(=O)O)nc(N(C)C)n1
413,CN(C)c1cccc(B(O)O)c1
414,CN(C)c1cccc2c(B(O)O)cccc12
415,CN(C)c1ccccc1B1OC(C)(C)C(C)(C)O1
416,CN(C)c1cccnc1CN
417,CN(C)c1nc(Cl)c(CN)s1.Cl.Cl
418,CN(C)c1ncc(B(O)O)cn1
419,CN(C)c1ncccc1CN.Cl.Cl
420,CN(CC(=O)O)C1CCS(=O)(=O)C1
421,CN(CC(F)(F)F)C(=O)CN.Cl
422,CN(CCN)C1CCOCC1
423,CN(Cc1ccco1)Cc1ccccc1CN
424,CN(c1cc(C(=O)O)cc(Cl)n1)C1CCN(C(=O)OC(C)(C)C)C1
425,CN(c1ccccc1)S(=O)(=O)c1cccc(C(=O)O)c1
426,CN(c1ncc(Br)cc1C(=O)O)C1CCN(C(=O)OCC2c3ccccc3-c3ccccc32)C1
427,CN1C(=O)Cc2cc(CN)ccc21.Cl
428,CN1CC(C(=O)O)CC1=O
429,CN1CC(C(=O)O)Oc2ccccc21
430,CN1CC(CCN)CC1=O
431,CN1CC(CN)CC1=O
432,CN1CC2(CCC1CN)CC2.Cl.Cl
433,CN1CCC(C(=O)O)C1
434,CN1CCCC(C(=O)O)C1
435,CN1CCN(C(=O)CCN)CC1
436,CN1CCN(C(=O)CN)CC1
437,CN1CCN(CCN)CC1
438,CN1CCN(Cc2ccc(B3OC(C)(C)C(C)(C)O3)cc2)CC1
439,CN1CCN(Cc2ccc(N)cc2C(F)(F)F)CC1
440,CN1CCN(Cc2cccc(N)c2)CC1
441,CN1CCN(Cc2ccccc2N)CC1
442,CN1CCN(c2ccc(B(O)O)cc2)CC1
443,CN1CCN(c2ccc(N)cc2F)CC1
444,CN1CCN(c2cccc(N)c2)CC1
445,CN1CCOCc2cc(B3OC(C)(C)C(C)(C)O3)ccc21
446,CN1CCO[C@@H](CN)[C@@H]1c1cnn(C)c1
447,CN1Cc2cc(B(O)O)ccc2C1=O
448,CNC(=O)C(O)CN.Cl
449,CNC(=O)COCCN.Cl
450,CNC(=O)c1cc(B(O)O)ccc1F
451,CNC(=O)c1cc(C(=O)O)ccn1
452,CNC(=O)c1cc(C(=O)O)n(C)n1
453,CNC(=O)c1cc(C(=O)O)nn1C
454,CNC(=O)c1cc(Oc2ccc(N)cc2)ccn1
455,CNC(=O)c1ccc(B(O)O)cc1F
456,CNC(=O)c1ccc(N)cc1F
457,CNS(=O)(=O)Nc1ccc(B2OC(C)(C)C(C)(C)O2)cc1
458,CNS(=O)(=O)c1ccc(B(O)O)cc1
459,CNS(=O)(=O)c1ccc(C(=O)O)cc1
460,CNS(=O)(=O)c1ccc(C)c(C(=O)O)c1
461,CNS(=O)(=O)c1ccc(CCC(=O)O)cc1
462,CNS(=O)(=O)c1ccc(F)c(C(=O)O)c1
463,CNS(=O)(=O)c1cccc(C(=O)O)c1
464,COC(=O)CC(NC(=O)OCC1c2ccccc2-c2ccccc21)C(=O)O
465,COC(=O)Cc1nc(N)sc1C
466,COC(=O)Nc1ccc(C(=O)O)cc1
467,COC(=O)c1c[nH]c(C(=O)OC)c1N
468,COC(=O)c1c[nH]nc1N
469,COC(=O)c1cc(Cl)ccc1N
470,COC(=O)c1cc(Cl)nc(Cl)c1N
471,COC(=O)c1cc(Cl)sc1N
472,COC(=O)c1cc(F)c(F)cc1N
473,COC(=O)c1cc(N)cc(F)c1
474,COC(=O)c1cc(N)cc(O)c1
475,COC(=O)c1cc(N)ccc1C
476,COC(=O)c1cc(N)ccc1Cl
477,COC(=O)c1cc(N)ccc1F
478,COC(=O)c1cc(N)cs1
479,COC(=O)c1cc(OC)c(OC)cc1N
480,COC(=O)c1ccc(B2OC(C)(C)C(C)(C)O2)cc1F
481,COC(=O)c1ccc(C(=O)O)c(NC(=O)OCC2c3ccccc3-c3ccccc32)c1
482,COC(=O)c1ccc(N)cc1C
483,COC(=O)c1ccc(N)cc1O
484,COC(=O)c1ccc(N)cc1OC
485,COC(=O)c1ccc2nc(N)sc2c1
486,COC(=O)c1cccc(N)c1
487,COC(=O)c1cccc(N)n1
488,COC(=O)c1ccnc(N)c1
489,COC(=O)c1ccsc1N
490,COC(=O)c1cnc(N)cn1
491,COC(=O)c1cncc(N)c1
492,COC(=O)c1cnccc1N
493,COC(=O)c1csc(N)n1
494,COC(=O)c1cscc1N.Cl
495,COC(=O)c1nc(Cl)c(Cl)nc1N
496,COC(=O)c1nc(N)sc1Br
497,COC(=O)c1nccnc1N
498,COC(=O)c1occc1N
499,COC(=O)c1sc(-c2ccc(Cl)cc2)cc1N
500,COC(=O)c1sc(C)cc1N
501,COC(=O)c1scc(C)c1N
502,COC(=O)c1sccc1N
503,COC(=O)c1scnc1N
504,COC(C)(CCN)OC
505,COC(C)(CN)C1CC1
506,COC(C)C(=O)O
507,COC(C)c1nc(C(=O)O)co1
508,COC(CN)C1CCCOC1
509,COC(CN)C1CCOC1
510,COC(CN)CC(N)=O.Cl
511,COC(Cc1ccccc1)C(=O)O
512,COC1(C(=O)O)CC1
513,COC1(C(=O)O)CCOC1
514,COC1(C(F)(F)CN)CCOCC1.Cl
515,COC1(CN)CCC(C(F)F)CC1
516,COC1(CN)CCC1
517,COC1(CN)CCOC1.Cl
518,COC1(OC)CC(CN)C1
519,COC1CC(C(=O)O)C1
520,COC1CCC(C(=O)O)C1
521,COC1CCC(CCN)CC1
522,COCC(=O)O
523,COCC1(CCN)CC1.Cl
524,COCC1(CN)CCCCC1
525,COCCC(=O)O
526,COCCCNC(=O)c1cccc(B(O)O)c1
527,COCCNC(=O)CN.Cl
528,COCCn1cc(B2OC(C)(C)C(C)(C)O2)cn1
529,COCCn1ccc2c(C(=O)O)cccc21
530,COCCn1nc(C(=O)O)ccc1=O
531,COCOCCCN
532,COC[C@H](CN)OC
533,COCc1ccc(CC(=O)O)cc1
534,COCc1ccc(N)cc1
535,COCc1ccccc1CN
536,CO[C@@H](C)C(=O)O
537,CO[C@@H]1COC[C@H]1n1cc(CN)nn1.Cl
538,CO[C@@H]1C[C@@]2(C(=O)O)C[C@@H]12
539,COc1c(B(O)O)ccc(F)c1F
540,COc1c(F)cc(N)cc1F
541,COc1c(F)ccc(C(=O)O)c1F
542,COc1c(F)ccc(C(=O)O)c1NC(=O)OCC1c2ccccc2-c2ccccc21
543,COc1c(F)ccc(F)c1CN.Cl
544,COc1c(F)cccc1B(O)O
545,COc1c(N)cccc1F
546,COc1c(N)ncnc1Cl
547,COc1cc(B(O)O)c(F)cn1
548,COc1cc(B(O)O)cc(C(F)(F)F)c1
549,COc1cc(Br)ccc1N
550,COc1cc(C#N)c(F)cc1N
551,COc1cc(C#N)ccc1B(O)O
552,COc1cc(C(=O)O)c(N)cc1NC(=O)OCC1c2ccccc2-c2ccccc21
553,COc1cc(C(=O)O)c(NC(=O)OCC2c3ccccc3-c3ccccc32)cn1
554,COc1cc(C(=O)O)ccc1NC(=O)OCC1c2ccccc2-c2ccccc21
555,COc1cc(C(=O)O)ncn1
556,COc1cc(C(F)(F)F)ccc1B(O)O
557,COc1cc(C)c(N)cn1
558,COc1cc(C)ccc1B(O)O
559,COc1cc(CN)c(Br)cn1
560,COc1cc(CN)c2ccccc2n1
561,COc1cc(CN)sn1.Cl.Cl
562,COc1cc(CO)ccc1B1OC(C)(C)C(C)(C)O1
563,COc1cc(F)c(Cl)cc1N
564,COc1cc(F)ccc1B(O)O
565,COc1cc(F)ccc1N
566,COc1cc(N)cc(OC)c1
567,COc1cc(N)ccc1F
568,COc1cc(N)ccn1
569,COc1cc(NC(=O)OCC2c3ccccc3-c3ccccc32)c(C(=O)O)c(OC)c1
570,COc1cc(NC(=O)OCC2c3ccccc3-c3ccccc32)c(C(=O)O)cc1OC
571,COc1cc(OC)cc(B(O)O)c1
572,COc1cc(OC)nc(N)n1
573,COc1cc([N+](=O)[O-])cc(C)c1N
574,COc1cc2c(cc1CN)OCO2
575,COc1cc2nc(Cl)nc(N)c2cc1OC
576,COc1ccc(-c2ccncc2)cc1B(O)O
577,COc1ccc(-n2nc(C)c(C(=O)O)c2C)cc1
578,COc1ccc(B(O)O)c(C)c1F
579,COc1ccc(B(O)O)c(OC)n1
580,COc1ccc(B(O)O)cc1C#N
581,COc1ccc(B(O)O)cn1
582,COc1ccc(B2OC(C)(C)C(C)(C)O2)s1
583,COc1ccc(C(=O)O)c(NC(=O)OCC2c3ccccc3-c3ccccc32)c1
584,COc1ccc(C(=O)O)cc1N1CCOCC1
585,COc1ccc(C(C)(C)C)cc1B(O)O
586,COc1ccc(C(C)=CB2OC(C)(C)C(C)(C)O2)cc1
587,COc1ccc(C(CN)N2CCOCC2)cc1OC
588,COc1ccc(C(F)(F)F)cc1B(O)O
589,COc1ccc(C)c(B(O)O)c1
590,COc1ccc(C)nc1CN.Cl.Cl
591,COc1ccc(CN)c(C)c1OC
592,COc1ccc(CN)cc1C#N.Cl
593,COc1ccc(CN)cc1CN1CCOCC1.Cl.Cl
594,COc1ccc(C[C@H](NC(=O)OCC2c3ccccc3-c3ccccc32)C(=O)O)cc1OC
595,COc1ccc(Cl)c(N)c1.Cl
596,COc1ccc(N)c(Cl)c1
597,COc1ccc(N)cc1Cl.Cl
598,COc1ccc(N)cc1OC
599,COc1ccc(N)cc1[N+](=O)[O-]
600,COc1ccc(N)cn1
601,COc1ccc(N)nc1
602,COc1ccc(NC(=O)OCC2c3ccccc3-c3ccccc32)c(C(=O)O)c1
603,COc1ccc(O)c(N)c1
604,COc1ccc(OC(F)(F)F)cc1B(O)O
605,COc1ccc(OC)c(N)c1
606,COc1ccc([C@H](NC(=O)OCC2c3ccccc3-c3ccccc32)C(=O)O)cc1
607,COc1ccc([N+](=O)[O-])c(N)n1
608,COc1ccc2c(C(=O)O)[nH]nc2c1
609,COc1ccc2c(c1)C(C(=O)O)CC2
610,COc1ccc2c(c1)CC(C(=O)O)CO2
611,COc1ccc2cc(C(=O)O)cnc2c1
612,COc1ccc2nc(C)cc(C(=O)O)c2c1
613,COc1ccc2nc(N)sc2c1
614,COc1ccc2nnc(CN)n2n1
615,COc1ccc2oc(B(O)O)cc2c1
616,COc1cccc(-c2cc(C(=O)O)[nH]n2)c1
617,COc1cccc(-c2cc(N)on2)c1
618,COc1cccc(B(O)O)c1F
619,COc1cccc(B2OCC(C)(C)CO2)c1C#N
620,COc1cccc(C(=O)O)c1NC(=O)OCC1c2ccccc2-c2ccccc21
621,COc1cccc(F)c1CN
622,COc1cccc(N)c1F
623,COc1cccc(N)n1
624,COc1cccc(NC(=O)OCC2c3ccccc3-c3ccccc32)c1C(=O)O
625,COc1cccc2cc(B3OC(C)(C)C(C)(C)O3)oc12
626,COc1cccc2cc(C(=O)O)oc12
627,COc1ccccc1-c1nnc(N)s1
628,COc1ccccc1OCCCCN
629,COc1ccnc(N)c1
630,COc1ccnc(N)n1
631,COc1ccnc(N2CCC(C(=O)O)CC2)n1
632,COc1ccncc1CN
633,COc1cnc(CN)cn1.Cl.Cl
634,COc1cnc(N)cn1
635,COc1cnc(N)nc1
636,COc1cnc2[nH]cnc2c1C(=O)O
637,COc1cncc(N)c1
638,COc1cncc(N)n1
639,COc1csc(B2OC(C)(C)C(C)(C)O2)c1
640,COc1nc(Br)ccc1N
641,COc1nc(C(=O)O)co1
642,COc1nc(C)ccc1CN
643,COc1nc(C)nc(N)n1
644,COc1nc(Cl)ncc1N
645,COc1nc2ccccc2cc1B(O)O
646,COc1ncc(B2OC(C)(C)C(C)(C)O2)cc1C(F)(F)F
647,COc1ncc(N)cc1C(F)(F)F
648,COc1ncc(N)cn1
649,COc1nccc(C(=O)O)c1NC(=O)OCC1c2ccccc2-c2ccccc21
650,COc1ncccc1N
651,COc1ncncc1B1OC(C)(C)C(C)(C)O1
652,COc1nscc1B1OC(C)(C)C(C)(C)O1
653,CS(=O)(=O)CC1(CN)CCOCC1.Cl
654,CS(=O)(=O)NC(=O)CCN.Cl
655,CS(=O)(=O)NC1CCCC1CN.Cl
656,CS(=O)(=O)NCc1cccc(B(O)O)c1
657,CS(=O)(=O)Nc1cc(C(=O)O)ccc1F
658,CS(=O)(=O)Nc1ccc(-c2csc(N)n2)cc1
659,CS(=O)(=O)Nc1ccc(CC(=O)O)cc1
660,CS(=O)(=O)Nc1cccc(B(O)O)c1
661,CS(=O)(=O)Nc1cccc(N)c1
662,CS(=O)(=O)c1ccc(B(O)O)c(C(F)(F)F)c1
663,CS(=O)(=O)c1ccc(C(=O)O)c(NC(=O)OCC2c3ccccc3-c3ccccc32)c1
664,CS(=O)(=O)c1ccc(N)cc1
665,CS(=O)(=O)c1ccc(N)cc1F
666,CS(=O)(=O)c1cccc(N)c1
667,CS(=O)(=O)c1ccccc1B(O)O
668,CS(=O)(=O)c1ccccc1C(=O)O
669,CS(=O)C1(CN)CCC1
670,CS(=O)CC(O)CN.Cl
671,CS(=O)CCCCN
672,CSC1(CN)CCOCC1.Cl
673,CSC1CCC(CN)CC1
674,CSCC(=O)O
675,CSCCC(NC(=O)OCC1c2ccccc2-c2ccccc21)C(=O)O
676,CSCc1nnc(CN)[nH]1.Cl
677,CSSCCN.Cl
678,CSc1cc(C)c(B(O)O)cn1.Cl
679,CSc1ccc(CN)cc1C#N.Cl
680,CSc1ccc(CN)o1.Cl
681,CSc1cccc(B(O)O)c1
682,CSc1nc(N)cc(Cl)n1
683,CSc1ncc(NC(=O)OCC2c3ccccc3-c3ccccc32)c(C(=O)O)n1
684,CSc1nnc(CN)s1
685,C[C@@H](OCc1ccccc1)[C@H](NC(=O)OCC1c2ccccc2-c2ccccc21)C(=O)O
686,C[C@@H]1C(C(=O)O)[C@@H]1C
687,C[C@@H]1CCO[C@@H](C(=O)O)C1
688,C[C@@H]1C[C@H]1C(=O)O
689,C[C@@H]1OCCO[C@@H]1C(=O)O
690,C[C@@H]1[C@@H](C(=O)O)C1(F)F
691,C[C@@]1(C(=O)O)CCCN1C(=O)OCC1c2ccccc2-c2ccccc21
692,C[C@H](O)CC(=O)O
693,C[C@H]1CC[C@H](C(=O)O)CC1
694,C[C@H]1C[C@@H]1C(=O)O
695,C[Si](C)(C)C#Cc1ccc(N)cn1
696,Cc1[nH][nH]c(=O)c1CCN
697,Cc1[nH]c(=O)[nH]c(=O)c1CC(=O)O
698,Cc1[nH]cnc1CCN.Cl
699,Cc1[nH]nc2ccc(B(O)O)cc12
700,Cc1[nH]ncc1C(=O)O
701,Cc1c(Br)ccc(C(=O)O)c1NC(=O)OCC1c2ccccc2-c2ccccc21
702,Cc1c(Br)cncc1CN.Cl.Cl
703,Cc1c(C(=O)O)cccc1N1CCOCC1
704,Cc1c(C(=O)O)cnc2ccnn12
705,Cc1c(C(=O)O)nnn1-c1nccs1
706,Cc1c(C(=O)O)sc2nc[nH]c(=O)c12
707,Cc1c(CN)oc2ccc(F)cc12.Cl
708,Cc1c(F)ccc(B(O)O)c1F
709,Cc1c(N)cccc1Br
710,Cc1c(N)cccc1F
711,Cc1c([C@@H]2[C@@H](CN)CC(=O)N2C)cnn1C
712,Cc1c[nH]nc1C(=O)O
713,Cc1cc(-c2nc(C(=O)O)co2)ccn1
714,Cc1cc(-n2c(C)cc(C(=O)O)c2C)no1
715,Cc1cc(=O)c(C(=O)O)cn1C
716,Cc1cc(=O)oc2cc(N)ccc12
717,Cc1cc(B(O)O)cc(C)c1F
718,Cc1cc(B(O)O)ccc1C(F)(F)F
719,Cc1cc(B(O)O)ccc1OCCN1CCOCC1
720,Cc1cc(B(O)O)ccn1
721,Cc1cc(B2OC(C)(C)C(C)(C)O2)cs1
722,Cc1cc(Br)c(C(=O)O)cc1NC(=O)OCC1c2ccccc2-c2ccccc21
723,Cc1cc(Br)c(NC(=O)OCC2c3ccccc3-c3ccccc32)c(C(=O)O)c1
724,Cc1cc(Br)cc(C(=O)O)c1NC(=O)OCC1c2ccccc2-c2ccccc21
725,Cc1cc(C#N)c(N)s1
726,Cc1cc(C#N)cnc1N
727,Cc1cc(C(=O)O)cc(C)c1F
728,Cc1cc(C(=O)O)ccc1N1CCOCC1
729,Cc1cc(C(=O)O)ccc1NC(=O)OCC1c2ccccc2-c2ccccc21
730,Cc1cc(C(=O)O)ccn1
731,Cc1cc(C(=O)O)n(C2CCOCC2)n1
732,Cc1cc(C(=O)O)n(Cc2ccccc2)n1
733,Cc1cc(C(=O)O)nn1-c1ccc(F)cc1
734,Cc1cc(C(=O)O)nn1C(C)(C)C
735,Cc1cc(C(=O)O)nn1C(C)C1CC1
736,Cc1cc(C(=O)O)nn1C1CCOCC1
737,Cc1cc(C(=O)O)nn1CC(F)(F)F
738,Cc1cc(C(=O)O)sc1-c1ccccc1
739,Cc1cc(C(F)(F)F)ccc1B(O)O
740,Cc1cc(C(F)(F)F)nn1CC(C)C(=O)O
741,Cc1cc(C)c(CN)c(=O)[nH]1.Cl
742,Cc1cc(C)c(N)c([N+](=O)[O-])c1
743,Cc1cc(C)c(NC(=O)OCC2c3ccccc3-c3ccccc32)c(C(=O)O)c1
744,Cc1cc(C)c(OCc2ccccc2)c(B(O)O)c1
745,Cc1cc(C)c2[nH]c(C(=O)O)c(C)c2c1
746,Cc1cc(C)c2c(CC(=O)O)coc2c1C
747,Cc1cc(C)n(-c2ccc(C(=O)O)nn2)n1
748,Cc1cc(C)n(-c2cccc(B(O)O)c2)n1
749,Cc1cc(C)n(C(C(=O)O)C(C)C)n1
750,Cc1cc(C)n(Cc2ccc(B3OC(C)(C)C(C)(C)O3)cc2)n1
751,Cc1cc(C)n(Cc2cccc(C(=O)O)c2)n1
752,Cc1cc(C)n2nc(C)c(C(=O)O)c2n1
753,Cc1cc(C)nc(N)n1
754,Cc1cc(CC(=O)O)[nH]n1
755,Cc1cc(CN)c(C)[nH]1
756,Cc1cc(CN)c(C)o1
757,Cc1cc(CN)c(C)s1
758,Cc1cc(CN)cc(Cl)n1.Cl.Cl
759,Cc1cc(CN)ccc1Oc1ccc(Cl)cc1Cl.Cl
760,Cc1cc(Cl)cc(C(=O)O)c1NC(=O)OCC1c2ccccc2-c2ccccc21
761,Cc1cc(Cl)nc(Cl)c1N
762,Cc1cc(Cl)ncc1N
763,Cc1cc(Cl)nnc1N
764,Cc1cc(F)ccc1N
765,Cc1cc(F)ncc1CN
766,Cc1cc(N)cc(Cl)c1
767,Cc1cc(N)cc(F)c1
768,Cc1cc(N)ccc1Cl
769,Cc1cc(N)ccc1F
770,Cc1cc(N)ccc1O
771,Cc1cc(N)ccn1
772,Cc1cc(N)cnc1Br
773,Cc1cc(N)n(-c2ccccc2)n1
774,Cc1cc(N)n(C(C)C)n1
775,Cc1cc(N)n[nH]1
776,Cc1cc(N)ncc1Cl
777,Cc1cc(N)ncc1[N+](=O)[O-]
778,Cc1cc(N)ncn1
779,Cc1cc(N)nn1C
780,Cc1cc(N)nnc1Cl
781,Cc1cc(N)on1
782,Cc1cc(N)sn1.Cl
783,Cc1cc(O)cc(C)c1C[C@H](NC(=O)OCC1c2ccccc2-c2ccccc21)C(=O)O
784,Cc1cc(O)cc(C)c1N
785,Cc1cc(O)ccc1N
786,Cc1cc(O)ncc1B(O)O
787,Cc1cc(OC(C)C)ccc1B(O)O
788,Cc1cc(S(=O)(=O)N(C)C)ccc1B(O)O
789,Cc1cc(S(=O)(=O)NCCN)c(C)s1.Cl
790,Cc1cc([N+](=O)[O-])c(Cl)cc1N
791,Cc1cc([N+](=O)[O-])c(N)cc1Cl
792,Cc1cc2[nH]ncc2cc1B(O)O
793,Cc1cc2c(cc1C)OC(C(=O)O)C2
794,Cc1cc2cc(CN)ccc2[nH]1
795,Cc1cc2ncc(C(=O)O)c(C)n2n1
796,Cc1cc2nccnc2cc1B1OC(C)(C)C(C)(C)O1
797,Cc1ccc(-c2cc(C(=O)O)[nH]n2)o1
798,Cc1ccc(-c2cc(C(=O)O)c3cccc(C)c3n2)o1
799,Cc1ccc(-c2cc(C(F)(F)F)nc(OCCN)n2)cc1
800,Cc1ccc(-c2cccc(C(=O)O)c2)cc1
801,Cc1ccc(-n2cc(B(O)O)cn2)cc1
802,Cc1ccc(B(O)O)c(F)c1F
803,Cc1ccc(B(O)O)c2cccnc12
804,Cc1ccc(B2OC(C)(C)C(C)(C)O2)cc1C#N
805,Cc1ccc(B2OC(C)(C)C(C)(C)O2)cn1
806,Cc1ccc(B2OC(C)(C)C(C)(C)O2)o1
807,Cc1ccc(C#N)cc1N
808,Cc1ccc(C(=O)O)[nH]1
809,Cc1ccc(C(=O)O)c(NC(=O)OCC2c3ccccc3-c3ccccc32)c1C
810,Cc1ccc(C(=O)O)cc1N1CCOCC1
811,Cc1ccc(C(=O)O)cc1NC(=O)C1CCCO1
812,Cc1ccc(C(=O)O)cc1NC(=O)OCC1c2ccccc2-c2ccccc21
813,Cc1ccc(C(CC(=O)O)NC(=O)OCC2c3ccccc3-c3ccccc32)cc1
814,Cc1ccc(C(F)(F)F)cc1B(O)O
815,Cc1ccc(C(N)=O)cc1B1OC(C)(C)C(C)(C)O1
816,Cc1ccc(C)c(B(O)O)c1
817,Cc1ccc(C)c(C2=NOC(C(=O)O)C2)c1
818,Cc1ccc(C)c(CN)n1
819,Cc1ccc(C)c(NC(=O)c2cccc(B(O)O)c2)c1
820,Cc1ccc(CN)c(Cl)n1
821,Cc1ccc(CN)c(N2CCCC2)c1.Cl.Cl
822,Cc1ccc(CN)c(OC2CCOC2)c1
823,Cc1ccc(CN)n1C
824,Cc1ccc(CN)nc1C.Cl.Cl
825,Cc1ccc(CO)cc1B1OC(C)(C)C(C)(C)O1
826,Cc1ccc(C[C@H](NC(=O)OCC2c3ccccc3-c3ccccc32)C(=O)O)cc1
827,Cc1ccc(Cl)c(N)c1
828,Cc1ccc(F)c(N)c1
829,Cc1ccc(F)cc1B1OC(C)(C)C(C)(C)O1
830,Cc1ccc(N)c(CO)c1
831,Cc1ccc(N)c(Cl)n1
832,Cc1ccc(N)cc1Br
833,Cc1ccc(N)cn1
834,Cc1ccc(N)nn1
835,Cc1ccc(NC(=O)OCC2c3ccccc3-c3ccccc32)c(C(=O)O)c1
836,Cc1ccc(NC(=O)c2ccc(B(O)O)cc2)c(C)c1
837,Cc1ccc(NC(=O)c2cccc(B(O)O)c2)c(C)c1
838,Cc1ccc(NC(=O)c2cccc(C(F)(F)F)c2)cc1B1OC(C)(C)C(C)(C)O1
839,Cc1ccc(NS(C)(=O)=O)cc1B1OC(C)(C)C(C)(C)O1
840,Cc1ccc(O)c(CN)n1.Cl.Cl
841,Cc1ccc(O)cc1B1OC(C)(C)C(C)(C)O1
842,Cc1ccc(S(=O)(=O)N(C)C)cc1B(O)O
843,Cc1ccc(S(=O)(=O)N2CCCCC2)cc1B(O)O
844,Cc1ccc(S(C)(=O)=O)cc1N
845,Cc1ccc([N+](=O)[O-])c(N)n1
846,Cc1ccc2[nH]ncc2c1B(O)O
847,Cc1ccc2c(c1)CCC(C(=O)O)O2
848,Cc1ccc2c(c1)cc(C(=O)O)n2C
849,Cc1ccc2cccc(N)c2n1
850,Cc1cccc(B(O)O)c1F
851,Cc1cccc(B2OC(C)(C)C(C)(C)O2)c1C#N
852,Cc1cccc(C(=O)O)c1NC(=O)OCC1c2ccccc2-c2ccccc21
853,Cc1cccc(CCCN)n1
854,Cc1cccc(N)c1Cl
855,Cc1cccc(NC(=O)COc2ccc(CCN)cc2)c1.Cl
856,Cc1cccc(NC(=O)OCC2c3ccccc3-c3ccccc32)c1C(=O)O
857,Cc1cccc(NC(=O)c2cccc(B(O)O)c2)c1C
858,Cc1cccc(OC(C)C(=O)O)c1
859,Cc1cccc(OCCCN)c1C.Cl
860,Cc1cccc2c1B(O)OC2
861,Cc1cccc2c1CC(C(=O)O)O2
862,Cc1cccc2c1COB2O
863,Cc1cccc2oc(CCN)nc12.Cl.Cl
864,Cc1cccc2sc(N)nc12
865,Cc1ccccc1-c1csc(N)n1
866,Cc1ccccc1-c1noc(C)c1C(=O)O
867,Cc1ccccc1-n1cc(C(=O)O)nn1
868,Cc1ccccc1-n1nc(C)c(CN)c1C.Cl.Cl
869,Cc1ccccc1B1OC(C)(C)C(C)(C)O1
870,Cc1ccccc1C1=NOC(C(=O)O)C1
871,Cc1ccccc1C[C@H](NC(=O)OCC1c2ccccc2-c2ccccc21)C(=O)O
872,Cc1ccccc1OC(C)CN
873,Cc1ccccc1[C@@H](CC(=O)O)NC(=O)OCC1c2ccccc2-c2ccccc21
874,Cc1cccnc1NC(=O)CCN.Cl.Cl
875,Cc1ccn(-c2c(C(=O)O)c(C)nn2C)n1
876,Cc1ccn(-c2cccc(C(=O)O)c2)n1
877,Cc1ccnc(Cl)c1N
878,Cc1ccnc(N)c1
879,Cc1ccnc2ccc(B3OC(C)(C)C(C)(C)O3)cc12
880,Cc1ccncc1N
881,Cc1ccoc1C(=O)NCCCN.Cl
882,Cc1ccoc1C(=O)O
883,Cc1ccoc1CC(=O)O
884,Cc1ccsc1CN
885,Cc1cn(-c2cc(N)cc(C(F)(F)F)c2)cn1
886,Cc1cnc(CCN)s1.Cl.Cl
887,Cc1cnc(CN)o1.Cl
888,Cc1cnc(CN)s1
889,Cc1cnc(Cl)cc1N
890,Cc1cnc(Cl)nc1N
891,Cc1cnc(F)c(CN)c1
892,Cc1cnc(N)c(C)c1
893,Cc1cnc(N)cn1
894,Cc1cnc(N)s1
895,Cc1cnc(O)c(N)c1
896,Cc1cnc2cc(C(=O)O)nn2c1C(F)(F)F
897,Cc1cnc2nc(CCC(=O)O)nn2c1
898,Cc1cnn(C)c1C(=O)O
899,Cc1coc(B2OC(C)(C)C(C)(C)O2)c1
900,Cc1cocc1B1OC(C)(C)C(C)(C)O1
901,Cc1conc1CN
902,Cc1csc(B(O)O)c1
903,Cc1csc(N)n1
904,Cc1csc2ccc(B(O)O)cc12
905,Cc1cscc1B(O)O
906,Cc1cscc1CN
907,Cc1n[nH]c(N)c1C
908,Cc1nc(C(F)(F)F)c(C(=O)O)s1
909,Cc1nc(CCN)sc1C
910,Cc1nc(CN)ccc1C(C)O.Cl.Cl
911,Cc1nc(CN)oc1C.Cl.Cl
912,Cc1nc(CN)sc1C
913,Cc1nc(Cl)c(N)c(Cl)n1
914,Cc1nc(Cl)ccc1N
915,Cc1nc(N)ccc1Cl
916,Cc1nc(N)ccc1[N+](=O)[O-]
917,Cc1nc(N2CCOCC2)sc1CC(=O)O
918,Cc1nc2[nH]cc(C(=O)O)c(=O)n2n1.O
919,Cc1nc2c(C)cccc2cc1C(=O)O
920,Cc1nc2cc(C(=O)O)ccc2n1C1CC1
921,Cc1nc2ncnn2c(C)c1CC(=O)O
922,Cc1ncc(B2OC(C)(C)C(C)(C)O2)cn1
923,Cc1ncc(N)cc1Br
924,Cc1ncccc1B1OC(C)(C)C(C)(C)O1
925,Cc1ncccc1N
926,Cc1nccn1-c1ncccc1CN
927,Cc1nccnc1N
928,Cc1nn(C(C)C)cc1B1OC(C)(C)C(C)(C)O1
929,Cc1nn(C)c2ncc(CN)cc12.Cl
930,Cc1nn(C)cc1-c1cc(C(=O)O)n[nH]1
931,Cc1nn(C)cc1B1OC(C)(C)C(C)(C)O1
932,Cc1nn(C2CCOCC2)cc1C(=O)O
933,Cc1nn(CCN)c(C)c1Cl
934,Cc1nn2cc(C(=O)O)nc2s1
935,Cc1nnc(-c2ccc(B(O)O)cc2)o1
936,Cc1nnc(-c2cccc(C(=O)O)c2)o1
937,Cc1nnc(CCCN)s1.Cl
938,Cc1nnc(CCN)s1.Cl.Cl
939,Cc1nnc(N)o1
940,Cc1nnc(N)s1
941,Cc1nncn1CCCN.Cl
942,Cc1nnsc1CN
943,Cc1noc(C(F)F)c1C(=O)O
944,Cc1occc1B1OC(C)(C)C(C)(C)O1
945,Cc1occc1C(=O)Nc1cccc(C(=O)O)c1
946,Cc1onc(-c2ccccc2)c1C(=O)O
947,Cc1onc(-c2ccccn2)c1C(=O)O
948,Cc1onc(-c2ccncc2)c1C(=O)O
949,Cc1sc(=O)n(CCC(=O)O)c1C
950,Cc1sc(C)c(CN)c1Br.Cl
951,Cc1sc(CCN)nc1-c1ccccc1.Cl.Cl
952,Cc1sc(CN)nc1C(C)C
953,Cc1sc(N)c(C#N)c1C
954,Cc1sccc1B(O)O
955,Cl.Cl.Cn1ccnc1C(O)CN
956,Cl.Cl.Cn1ccnc1Cn1c(CCCN)nc2c1CCCC2
957,Cl.Cl.Cn1cncc1CN
958,Cl.Cl.Cn1nnnc1CN
959,Cl.Cl.N=C(N)CCCN
960,Cl.Cl.N=C(N)c1cccc(CN)c1
961,Cl.Cl.NCC#Cc1cccnc1
962,Cl.Cl.NCC(=O)NCCN1CCOCC1
963,Cl.Cl.NCC(=O)Nc1nccs1
964,Cl.Cl.NCC(O)c1ccncc1
965,Cl.Cl.NCC1(N2CCOCC2)CCOCC1
966,Cl.Cl.NCC1(c2ccncc2)CC1
967,Cl.Cl.NCC12CCN(CC1)CC2
968,Cl.Cl.NCC1CCN(C(N)=O)C1
969,Cl.Cl.NCC1CCN(CC(F)F)CC1
970,Cl.Cl.NCC1CCNC(=O)C1
971,Cl.Cl.NCC=Cc1cccnc1
972,Cl.Cl.NCCC(=O)Nc1ccncc1
973,Cl.Cl.NCCCN1CCNC(=O)C1
974,Cl.Cl.NCCN1CCS(=O)CC1
975,Cl.Cl.NCCNC(=O)c1cnccn1
976,Cl.Cl.NCCc1nc2c(s1)COCC2
977,Cl.Cl.NCCc1nccn1C(F)F
978,Cl.Cl.NCCc1nnc2c(=O)[nH]ccn12
979,Cl.Cl.NCCn1cc(C2CC2)nn1
980,Cl.Cl.NCCn1cccnc1=O
981,Cl.Cl.NCCn1cnc2ccsc2c1=O
982,Cl.Cl.NC[C@@H]1CCO[C@H]1c1cn[nH]c1
983,Cl.Cl.NCc1cc(=O)nc[nH]1
984,Cl.Cl.NCc1cc(Br)cc2cccnc12
985,Cl.Cl.NCc1cc2n(n1)CCCO2
986,Cl.Cl.NCc1ccc(-n2cncn2)cc1
987,Cl.Cl.NCc1ccc(O)c2ncccc12
988,Cl.Cl.NCc1ccc2ccccc2n1
989,Cl.Cl.NCc1ccc2scnc2c1
990,Cl.Cl.NCc1ccc[n+]([O-])c1
991,Cl.Cl.NCc1cccc(-n2ccnn2)c1
992,Cl.Cl.NCc1ccn2ccnc2c1
993,Cl.Cl.NCc1ccncc1C(F)(F)F
994,Cl.Cl.NCc1ccns1
995,Cl.Cl.NCc1cn2cc(Br)ccc2n1
996,Cl.Cl.NCc1cn[nH]c1
997,Cl.Cl.NCc1cncc(F)c1
998,Cl.Cl.NCc1cnsc1
999,Cl.Cl.NCc1nc(-c2ccncc2)no1
1000,Cl.Cl.NCc1nc2c(F)c(F)ccc2[nH]1
1001,Cl.Cl.NCc1nc2c(s1)CCC2
1002,Cl.Cl.NCc1nc2cnccc2s1
1003,Cl.Cl.NCc1ncc[nH]1
1004,Cl.Cl.NCc1nccc2[nH]ccc12
1005,Cl.Cl.NCc1ncccc1F
1006,Cl.Cl.NCc1nccn1-c1ccccc1
1007,Cl.Cl.NCc1nnc(C2CCOC2)[nH]1
1008,Cl.Cl.NCc1nnc(N2CCCC2)o1
1009,Cl.Cl.NCc1nnc2n1CCOCC2
1010,Cl.Cn1c(CN)n[nH]c1=O
1011,Cl.Cn1cc(CN)c(=O)[nH]c1=O
1012,Cl.Cn1cc(CN)c(Br)n1
1013,Cl.Cn1cc(N)ccc1=O
1014,Cl.Cn1nnc(CN)c1C(F)F
1015,Cl.N#CC1(NC(=O)CN)CC1
1016,Cl.N#Cc1ccc(CN)nc1
1017,Cl.NC1CCC(=O)CC1
1018,Cl.NCC(=O)N1CCC(C(N)=O)CC1
1019,Cl.NCC(=O)N1CCCO1
1020,Cl.NCC(=O)NC1CCC1
1021,Cl.NCC(=O)NCc1ccncc1
1022,Cl.NCC(F)(F)C(F)(F)F
1023,Cl.NCC(F)(F)C(N)=O
1024,Cl.NCC(F)(F)C1CC1
1025,Cl.NCC(F)(F)CC1CC1
1026,Cl.NCC(N)=S
1027,Cl.NCC1(F)CCCCC1
1028,Cl.NCC1(F)CCOC1
1029,Cl.NCC1(O)C2C3CC4C5C3CC2C5C41
1030,Cl.NCC1(OCCO)CCS(=O)(=O)C1
1031,Cl.NCC12CC3CC(CC(C3)C1)C2
1032,Cl.NCC1C2CC3CC(C2)CC1C3
1033,Cl.NCC1C=CCC1
1034,Cl.NCC1CC(=O)N(Cc2ccccc2)C1
1035,Cl.NCC1CC(C(N)=O)=NO1
1036,Cl.NCC1CC(CC(N)=O)CO1
1037,Cl.NCC1CC12CCOCC2
1038,Cl.NCC1CC2(C1)CC2(F)F
1039,Cl.NCC1CC2CC1C1CC21
1040,Cl.NCC1CCC(F)C1
1041,Cl.NCC1CCC2(CCC2)CO1
1042,Cl.NCC1CCCC1
1043,Cl.NCC1CCCC2(CCC2)C1O
1044,Cl.NCC1CCCOC1
1045,Cl.NCC1CCN(c2ccc(Br)cc2)C1
1046,Cl.NCC1CCOC2(CCOCC2)C1
1047,Cl.NCC1CCOCC12CCCC2
1048,Cl.NCC1CNC(=O)C1
1049,Cl.NCC1COc2ccccc2O1
1050,Cl.NCC1Cc2ccccc2C1
1051,Cl.NCC1Cc2ccccc2NC1=O
1052,Cl.NCC1OCCc2ccsc21
1053,Cl.NCC=C(Cl)Cl
1054,Cl.NCCC(=O)NCc1ccccc1
1055,Cl.NCCC1CC1
1056,Cl.NCCC1CC2(CCC2)CO1
1057,Cl.NCCC1CC=CC1
1058,Cl.NCCC1CCCC1(F)F
1059,Cl.NCCC1CN(c2ncnc3[nH]ncc23)c2ccccc21
1060,Cl.NCCCCF
1061,Cl.NCCCCN1C(=O)c2ccccc2C1=O
1062,Cl.NCCCN1C(=O)CCC1=O
1063,Cl.NCCCNC(=O)C1CCC1
1064,Cl.NCCCNC(=O)c1ccc(F)cc1
1065,Cl.NCCCOc1cccc(F)c1
1066,Cl.NCCC[C@@H]1NC(=O)NC1=O
1067,Cl.NCCN1C(=O)SC(=Cc2cccs2)C1=O
1068,Cl.NCCN1C(=O)c2ccccc2S1(=O)=O
1069,Cl.NCCN1CCCS1(=O)=O
1070,Cl.NCCNC(=O)c1ccc(Cl)cc1
1071,Cl.NCCNC(=O)c1ccccc1F
1072,Cl.NCCNC(=O)c1ccn[nH]1
1073,Cl.NCCNC(=O)c1ccno1
1074,Cl.NCCNC(N)=O
1075,Cl.NCCOC1CCS(=O)(=O)C1
1076,Cl.NCCOC1CCSCC1
1077,Cl.NCCOCC(F)F
1078,Cl.NCCOCC(N)=O
1079,Cl.NCCOc1ccc(F)c(F)c1
1080,Cl.NCCS(=O)(=O)C1CCOCC1
1081,Cl.NCCS(=O)(=O)N1CCOCC1
1082,Cl.NCCS(=O)(=O)Nc1ccccc1
1083,Cl.NCCS(=O)(=O)c1ccc(Cl)cc1
1084,Cl.NCCc1c[nH]c2cc(Cl)ccc12
1085,Cl.NCCc1cc(Br)c(Br)s1
1086,Cl.NCCc1ccc(S(N)(=O)=O)s1
1087,Cl.NCCc1ccno1
1088,Cl.NCCc1csc2ccccc12
1089,Cl.NCCn1cnc2sccc2c1=O
1090,Cl.NCCn1cnnn1
1091,Cl.NC[C@@H]1CCCO1
1092,Cl.NC[C@@H]1CCO[C@@H]1c1nc(C2CC2)no1
1093,Cl.NC[C@@H]1C[C@@H]2O[C@H]1[C@H]1C[C@H]12
1094,Cl.NC[C@@H]1C[C@H]1C1CCC1
1095,Cl.NC[C@H]1CC[C@H](C(N)=O)CC1
1096,Cl.NC[C@H]1CC[C@H](c2ccccc2)O1
1097,Cl.NCc1cc(=O)[nH]c2ccccc12
1098,Cl.NCc1cc(Br)ccc1OC(F)F
1099,Cl.NCc1cc(Br)no1
1100,Cl.NCc1cc(C(F)(F)F)co1
1101,Cl.NCc1cc(Cl)sc1Cl
1102,Cl.NCc1cc(F)c(Cl)cc1F
1103,Cl.NCc1cc(O)n2nccc2n1
1104,Cl.NCc1cc2ccccc2[nH]c1=O
1105,Cl.NCc1ccc(-c2c[nH]c(=O)[nH]c2=O)cc1
1106,Cl.NCc1ccc(-c2nnn[nH]2)cc1
1107,Cl.NCc1ccc(CN2C(=O)CNC2=O)cc1
1108,Cl.NCc1ccc[nH]1
1109,Cl.NCc1ccc[nH]c1=O
1110,Cl.NCc1cccc2cc[nH]c12
1111,Cl.NCc1ccnc(C(N)=O)c1
1112,Cl.NCc1ccsc1C(F)(F)F
1113,Cl.NCc1cnc(-n2cccn2)s1
1114,Cl.NCc1cnc(Cl)s1
1115,Cl.NCc1cnc2n1CCOC2
1116,Cl.NCc1cnoc1C1CC1
1117,Cl.NCc1cocn1
1118,Cl.NCc1csc(=O)[nH]1
1119,Cl.NCc1cscc1C(F)(F)F
1120,Cl.NCc1nc(-c2ccco2)n[nH]1
1121,Cl.NCc1nc2cc(F)ccc2o1
1122,Cl.NCc1nc2ccccc2c(=O)[nH]1
1123,Cl.NCc1nc2ccccc2o1
1124,Cl.NCc1ncon1
1125,Cl.NCc1nnc(-c2ccncc2)[nH]1
1126,Cl.NCc1nnc(S)o1
1127,Cl.NCc1nnc2c(=O)[nH]ccn12
1128,Cl.NCc1nnc2ncccn12
1129,Cl.NCc1noc(C2CCOCC2)n1
1130,Cl.NCc1noc2ccc(F)cc12
1131,Cl.Nc1cc(O)ccn1
1132,Cl.Nc1ccc(O)cc1Cl
1133,Cl.Nc1ccc2cccnc2c1
1134,Cl.Nc1cccc2c(=O)cc(-c3nn[nH]n3)oc12
1135,Cl.Nc1ncns1
1136,Cl.O.O=C(O)Cc1cn2ccsc2n1
1137,Cn1c(=O)[nH]c2ccc(B3OC(C)(C)C(C)(C)O3)cc21
1138,Cn1c(=O)cc(N)[nH]c1=O
1139,Cn1c(N)cc(=O)n(C)c1=O
1140,Cn1cc(-c2ccccc2CN)cn1
1141,Cn1cc(-c2ccoc2C(=O)O)cn1
1142,Cn1cc(-n2cnc(C(=O)O)c2)cn1
1143,Cn1cc(B2OC(C)(C)C(C)(C)O2)cn1
1144,Cn1cc(C(=O)O)c(-c2cccnc2)n1
1145,Cn1cc(C(=O)O)c(-c2ccncc2)n1
1146,Cn1cc(C(=O)O)c(C(C)(C)C)n1
1147,Cn1cc(C(=O)O)c(C(F)(F)F)n1
1148,Cn1cc(C(F)F)c(CN)n1
1149,Cn1cc(C2(CN)CCCO2)cn1
1150,Cn1cc(CN)cn1
1151,Cn1cc(C[C@@H](NC(=O)OCC2c3ccccc3-c3ccccc32)C(=O)O)c2ccccc21
1152,Cn1cc(N)cn1
1153,Cn1cc2cc(B3OC(C)(C)C(C)(C)O3)ccc2n1
1154,Cn1ccc(-c2n[nH]cc2C(=O)O)n1
1155,Cn1ccc(B(O)O)cc1=O
1156,Cn1ccc(B2OC(C)(C)C(C)(C)O2)c1
1157,Cn1ccc(N)n1
1158,Cn1ccc(S(=O)(=O)NCCN)c1
1159,Cn1ccc2c(C(=O)O)ccnc21
1160,Cn1ccc2cc(N)ccc21
1161,Cn1ccc2cccc(B(O)O)c21
1162,Cn1cccc1CC(=O)O
1163,Cn1ccnc1C(=O)O
1164,Cn1ccnc1N
1165,Cn1cnc(C(=O)O)c1
1166,Cn1cnc2c(C(=O)O)ccnc21
1167,Cn1cncc1C(CN)N1CCCC1
1168,Cn1nc(-c2cccs2)cc1C(=O)O
1169,Cn1nc(C(=O)O)c(=O)c2ccccc21
1170,Cn1nc(C(=O)O)cc1C(F)(F)F
1171,Cn1nc(C(=O)O)cc1C1CC1
1172,Cn1nc(C(C)(C)C)cc1C(=O)O
1173,Cn1nc(C2CC2)c2c(C(=O)O)ccnc21
1174,Cn1nc(CC(=O)O)cc1C(F)(F)F
1175,Cn1nc2c(c1C(=O)O)CCCC2
1176,Cn1ncc(C#N)c1N
1177,Cn1ncc(C(=O)O)n1
1178,Cn1ncc2c(C(=O)O)cc(C3CC3)nc21
1179,Cn1ncc2c1CC(C(=O)O)CC2
1180,Cn1ncc2cc(F)c(B(O)O)cc21
1181,Cn1ncc2cc(N)ccc21
1182,Cn1nccc1CN
1183,Cn1nccc1CN1C[C@@H](F)C[C@H]1CN
1184,Cn1nccc1N
1185,Cn1nccc1[C@@H]1OCC[C@H]1CN
1186,Cn1nnc(N)n1
1187,Cn1nnc2c(C(=O)O)ccnc21
1188,Cn1nnnc1N1CCC(C(=O)O)C1
1189,N#CC1(C(=O)O)CC1
1190,N#CC1=C(N)CCC1
1191,N#CC1CCC(C(=O)O)CC1
1192,N#CCCNC(=O)c1ccc(B2OCCCO2)cc1
1193,N#CCc1ccc(B(O)O)cc1
1194,N#CCc1ccc(OCC(=O)O)cc1
1195,N#C[C@H]1C[C@H]1C(=O)O
1196,N#Cc1c(N)cccc1F
1197,N#Cc1c(N)sc2c1CCCC2
1198,N#Cc1c[nH]nc1N
1199,N#Cc1cc(B(O)O)cs1
1200,N#Cc1cc(F)ccc1N
1201,N#Cc1cc(N)ccc1Cl
1202,N#Cc1cc(N)ccc1F
1203,N#Cc1ccc(B(O)O)cc1C(F)(F)F
1204,N#Cc1ccc(B(O)O)cc1C1CC1
1205,N#Cc1ccc(C(=O)O)nc1
1206,N#Cc1ccc(C[C@@H](CC(=O)O)NC(=O)OCC2c3ccccc3-c3ccccc32)cc1
1207,N#Cc1ccc(C[C@@H](NC(=O)OCC2c3ccccc3-c3ccccc32)C(=O)O)cc1
1208,N#Cc1ccc(C[C@H](CC(=O)O)NC(=O)OCC2c3ccccc3-c3ccccc32)cc1
1209,N#Cc1ccc(C[C@H](NC(=O)OCC2c3ccccc3-c3ccccc32)C(=O)O)cc1
1210,N#Cc1ccc(N)c([N+](=O)[O-])c1
1211,N#Cc1ccc(N)cc1
1212,N#Cc1ccc(N)cc1C(F)(F)F
1213,N#Cc1ccc(N)nc1
1214,N#Cc1ccc(N2CCC(C(=O)O)CC2)nc1
1215,N#Cc1ccc(NC(=O)OCC2c3ccccc3-c3ccccc32)c(C(=O)O)c1
1216,N#Cc1ccc(NC(=O)c2cccc(B(O)O)c2)cc1
1217,N#Cc1ccc([C@H](CC(=O)O)NC(=O)OCC2c3ccccc3-c3ccccc32)cc1
1218,N#Cc1ccc2c(c1)B(O)OC2
1219,N#Cc1ccc2nc(N)sc2c1
1220,N#Cc1cccc(-c2cccc(C(=O)O)c2)c1
1221,N#Cc1cccc(B(O)O)c1
1222,N#Cc1cccc(C[C@H](CC(=O)O)NC(=O)OCC2c3ccccc3-c3ccccc32)c1
1223,N#Cc1cccc(N)n1
1224,N#Cc1ccccc1N
1225,N#Cc1cccnc1N
1226,N#Cc1ccnc(N)c1
1227,N#Cc1ccoc1B(O)O
1228,N#Cc1ccsc1N
1229,N#Cc1cnc2c(C#N)cnn2c1N
1230,N#Cc1cncc(N)c1
1231,N#Cc1cncnc1N
1232,N#Cc1cnn(-c2ccccc2)c1N
1233,N#Cc1nc[nH]c1N
1234,N#Cc1ncc(N)cc1C(F)(F)F
1235,N#Cc1sccc1B(O)O
1236,NC(=O)c1cc(B(O)O)ccc1F
1237,NC(=O)c1cccc(B(O)O)c1
1238,NC/C=C/Br
1239,NC1=NC(=O)CS1
1240,NC1COC1
1241,NCC(O)COc1cccc(Cl)c1Cl
1242,NCC(O)COc1ccccc1Br
1243,NCC(O)c1ccc(Cl)s1.O=C(O)C(F)(F)F
1244,NCC(c1cccc(F)c1)N1CCOCC1
1245,NCC(c1cccs1)N1CCOCC1
1246,NCC1(C2CC2)CCCO1
1247,NCC1(CO)CC2C=CC1C2
1248,NCC1(CO)CC=CC1
1249,NCC1(CO)CCOC1
1250,NCC1(Cc2ccccc2)CC1
1251,NCC1(N2CCOCC2)CC1
1252,NCC1(O)CC1
1253,NCC1(O)CCCC1
1254,NCC1(O)CCSC1
1255,NCC1(OCCO)CCC1
1256,NCC1(c2ccc(Cl)cc2Cl)CCCC1
1257,NCC1(c2ccc3c(c2)OCO3)CCCCC1
1258,NCC12CC=CC(C1)OC2
1259,NCC12CCCC(CO1)C2
1260,NCC1CC2(CC2)CO1
1261,NCC1CCC(C(F)F)CC1
1262,NCC1CCC(F)(F)CC1
1263,NCC1CCC2CC2C1
1264,NCC1CCCCC(F)(F)C1
1265,NCC1CCCn2ccnc21
1266,NCC1CCN(c2ccncc2)CC1
1267,NCC1CCOC1
1268,NCC1CN2CCN1CC2
1269,NCC1CS(=O)(=O)c2ccccc21
1270,NCC1CSCCN1Cc1ccccc1
1271,NCCC(=O)N1CCN(c2ccccn2)CC1
1272,NCCC(=O)NC1CCCC1
1273,NCCC(=O)NCc1ccncc1
1274,NCCC(O)C1CCCC1
1275,NCCC1CCOC1
1276,NCCC1CSC1
1277,NCCC1OCCc2ccccc21
1278,NCCC1SCCS1
1279,NCCCCN1CCCC1
1280,NCCCc1cc(=O)[nH][nH]1
1281,NCCN1C(=O)Cc2ccccc21
1282,NCCN1CC2CCC1C2
1283,NCCN1CCC2(C1)OCCO2
1284,NCCN1CCCOCC1
1285,NCCN1CC[C@@H](O)C1
1286,NCCNC(=O)c1cccnc1
1287,NCCOc1cccnc1
1288,NCCS(=O)Cc1ccccc1
1289,NCC[C@@H]1COC[C@H]1O
1290,NCCc1ccc(N2CCOCC2)c(F)c1
1291,NCCc1ccncc1F
1292,NCCc1coc2ccccc12
1293,NCCc1ncc(Br)s1
1294,NCCc1nccc(C2CC2)n1
1295,NC[C@@H]1CCC(=O)N1
1296,NC[C@@H]1C[C@@H]2C=C[C@H]1C2
1297,NC[C@]1(CO)COC[C@H]2CCCN21
1298,NCc1c(Br)cncc1Br
1299,NCc1c(F)cccc1N1CCCC1
1300,NCc1c[nH]c2ccccc12
1301,NCc1cc(-c2ccccc2)[nH]n1
1302,NCc1cc(=O)c(O)co1
1303,NCc1cc(C(F)F)on1
1304,NCc1cc(F)cc(F)c1
1305,NCc1cc2c(s1)CCSC2
1306,NCc1ccc(C(=O)N2CCCC2)cc1
1307,NCc1ccc(CN2CCCC2=O)cc1
1308,NCc1ccc(F)nc1
1309,NCc1ccc(N2CCOCC2)cc1C(F)(F)F
1310,NCc1ccc(NC(=O)c2ccco2)cc1
1311,NCc1ccc(Oc2cccnc2)c(F)c1
1312,NCc1ccc2[nH]ccc2c1
1313,NCc1cccc(C(=O)N2CCCC2)c1
1314,NCc1cccc(C(F)(F)F)c1
1315,NCc1cccc(C(F)(F)F)n1
1316,NCc1cccc(N2CCOCC2)c1
1317,NCc1cccc2c1OCO2
1318,NCc1ccccc1CN1CCCC1=O
1319,NCc1ccccc1CS(=O)(=O)N1CCOCC1
1320,NCc1ccccc1N1CCOCC1
1321,NCc1ccccn1
1322,NCc1cccnc1
1323,NCc1cccnc1-n1ccnc1
1324,NCc1cccnc1N1CCC(C(N)=O)CC1
1325,NCc1cccnc1OC(F)F
1326,NCc1cccs1
1327,NCc1ccnc(-n2cncn2)c1
1328,NCc1ccncc1
1329,NCc1ccncn1
1330,NCc1ccon1
1331,NCc1ccsc1
1332,NCc1ccsc1Br
1333,NCc1cn(-c2ccccc2)nc1-c1ccncc1
1334,NCc1cn(C(F)F)c2ccccc12
1335,NCc1cn2cc(Cl)ccc2n1
1336,NCc1cn2cccc(F)c2n1
1337,NCc1cnc(-c2ccccc2)o1
1338,NCc1cnc(-c2ccccc2)s1
1339,NCc1cnc(N2CCOCC2)c(F)c1
1340,NCc1cnn(Cc2ccccc2)c1
1341,NCc1cnns1
1342,NCc1nc(-c2ccsc2)no1
1343,NCc1nc2c(s1)CCCC2
1344,NCc1nc2c(s1)CCCCC2
1345,NCc1nc2ccccc2s1
1346,NCc1nccs1
1347,NCc1noc2c1COCC2
1348,NCc1sncc1Br
1349,NS(=O)(=O)c1ccc(B(O)O)cc1
1350,Nc1[nH]c(=O)ncc1F
1351,Nc1c(F)cccc1F
1352,Nc1c(O)ncnc1O
1353,Nc1c2c(cc3c1CCC3)CCC2
1354,Nc1c2ccccc2nc2ccccc12
1355,Nc1cc(-c2cccc(Br)c2)no1
1356,Nc1cc(-c2ccccc2)[nH]n1
1357,Nc1cc(-c2ccccc2Cl)no1
1358,Nc1cc(=O)[nH]c(=O)[nH]1
1359,Nc1cc(=O)[nH]c(=S)[nH]1
1360,Nc1cc(Br)ccc1CO
1361,Nc1cc(Br)ccn1
1362,Nc1cc(Br)cn2ccnc12
1363,Nc1cc(C(F)(F)F)cc(C(F)(F)F)c1
1364,Nc1cc(C(F)(F)F)ccn1
1365,Nc1cc(C(F)(F)F)cnc1Cl
1366,Nc1cc(C2CC2)[nH]n1
1367,Nc1cc(CO)ccn1
1368,Nc1cc(Cl)c(F)c(Cl)c1
1369,Nc1cc(Cl)c(O)c(Cl)c1
1370,Nc1cc(Cl)c([N+](=O)[O-])cn1
1371,Nc1cc(Cl)ccc1F
1372,Nc1cc(Cl)ccn1
1373,Nc1cc(Cl)cnc1Cl
1374,Nc1cc(Cl)nc(Cl)c1
1375,Nc1cc(Cl)nc(Cl)c1[N+](=O)[O-]
1376,Nc1cc(Cl)nc(Cl)n1
1377,Nc1cc(Cl)ncn1
1378,Nc1cc(Cl)nnc1Cl
1379,Nc1cc(F)c(F)c(F)c1
1380,Nc1cc(F)c(F)cc1Br
1381,Nc1cc(F)c(F)cc1[N+](=O)[O-]
1382,Nc1cc(F)cc(F)c1
1383,Nc1cc(F)cc(F)c1[N+](=O)[O-]
1384,Nc1cc(F)ccn1
1385,Nc1cc(N2CCCC2)ccn1
1386,Nc1cc(N2CCNCC2)ccc1[N+](=O)[O-]
1387,Nc1cc(N2CCOCC2)ccn1
1388,Nc1cc2cccnc2c2ncccc12
1389,Nc1cc[nH]c(=O)c1
1390,Nc1cc[nH]c(=O)n1
1391,Nc1cc[nH]n1
1392,Nc1ccc(-c2ccccc2)cn1
1393,Nc1ccc(-c2cnco2)cc1
1394,Nc1ccc(-c2ncc[nH]2)cc1
1395,Nc1ccc(-n2cccc2)cc1
1396,Nc1ccc(-n2cncn2)cc1
1397,Nc1ccc(Br)c(F)n1
1398,Nc1ccc(C(=O)N2CCOCC2)cc1
1399,Nc1ccc(CC2COC(=O)N2)cc1
1400,Nc1ccc(Cl)c(C(F)(F)F)c1
1401,Nc1ccc(Cl)c(F)c1
1402,Nc1ccc(Cl)cc1F
1403,Nc1ccc(Cl)cn1
1404,Nc1ccc(Cl)nc1
1405,Nc1ccc(Cl)nc1Cl
1406,Nc1ccc(Cn2ccnc2)cc1
1407,Nc1ccc(F)c(C(F)(F)F)c1
1408,Nc1ccc(F)c(Cl)c1
1409,Nc1ccc(F)c(Cl)c1F
1410,Nc1ccc(F)c(F)c1
1411,Nc1ccc(F)c([N+](=O)[O-])c1
1412,Nc1ccc(F)cc1CO
1413,Nc1ccc(F)cc1Cl
1414,Nc1ccc(F)cc1F
1415,Nc1ccc(F)cn1
1416,Nc1ccc(F)nc1
1417,Nc1ccc(N2CCC(N3CCOCC3)CC2)cc1
1418,Nc1ccc(N2CCC=C(N3CCOCC3)C2=O)cc1
1419,Nc1ccc(N2CCCC2=O)cc1
1420,Nc1ccc(N2CCCCC2)cc1
1421,Nc1ccc(N2CCOCC2)c(F)c1
1422,Nc1ccc(N2CCOCC2)cc1
1423,Nc1ccc(N2CCOCC2)cn1
1424,Nc1ccc(N2CCOCC2=O)cc1
1425,Nc1ccc(O)cc1C(F)(F)F
1426,Nc1ccc(O)cn1
1427,Nc1ccc(OC(F)(F)F)c(Cl)c1
1428,Nc1ccc(OC(F)F)cc1
1429,Nc1ccc([N+](=O)[O-])c(Br)c1
1430,Nc1ccc([N+](=O)[O-])c(C(F)(F)F)c1
1431,Nc1ccc([N+](=O)[O-])c(F)c1
1432,Nc1ccc([N+](=O)[O-])cn1
1433,Nc1ccc2[nH]c(=O)[nH]c2c1
1434,Nc1ccc2[nH]c(=O)sc2c1
1435,Nc1ccc2[nH]cnc2c1
1436,Nc1ccc2[nH]ncc2c1
1437,Nc1ccc2c(c1)C(=O)CCC2
1438,Nc1ccc2c(c1)C(O)CCC2
1439,Nc1ccc2c(c1)CC(=O)N2
1440,Nc1ccc2c(c1)CCC2=O
1441,Nc1ccc2c(c1)CCCC2=O
1442,Nc1ccc2c(c1)CNC2=O
1443,Nc1ccc2c(c1)CNCC2
1444,Nc1ccc2c(c1)COC2=O
1445,Nc1ccc2c(c1)OCCCO2
1446,Nc1ccc2c(c1)OCO2
1447,Nc1ccc2c(c1)oc1ccccc12
1448,Nc1ccc2cc(Br)ccc2c1
1449,Nc1ccc2cn[nH]c2c1
1450,Nc1ccc2cnccc2c1
1451,Nc1ccc2ncccc2c1
1452,Nc1ccc2nccn2c1
1453,Nc1ccc2nccnc2c1
1454,Nc1ccc2nccnc2c1Br
1455,Nc1ccc2ncoc2c1
1456,Nc1ccc2ncsc2c1
1457,Nc1ccc2nsnc2c1
1458,Nc1cccc(-n2cncn2)c1
1459,Nc1cccc(CN2CCCCC2)c1
1460,Nc1cccc(Cl)n1
1461,Nc1cccc(F)n1
1462,Nc1cccc(N2CCCC2)c1
1463,Nc1cccc(N2CCOCC2)c1
1464,Nc1cccc(OC(F)F)c1
1465,Nc1cccc(OCc2ccccc2)c1
1466,Nc1cccc2[nH]ccc12
1467,Nc1cccc2c(=O)[nH][nH]c(=O)c12
1468,Nc1cccc2c1C(=O)N(C1CCC(=O)NC1=O)C2=O
1469,Nc1cccc2c1C(=O)NC2=O
1470,Nc1cccc2c1CN(C1CCC(=O)NC1=O)C2=O
1471,Nc1cccc2cn[nH]c12
1472,Nc1cccc2cnccc12
1473,Nc1cccc2ncccc12
1474,Nc1cccc2ocnc12
1475,Nc1ccccc1-c1nnn[nH]1
1476,Nc1cccnc1Cl
1477,Nc1cccnc1F
1478,Nc1cccnc1[N+](=O)[O-]
1479,Nc1ccnc(-c2ccccc2)c1
1480,Nc1ccnc(Cl)c1
1481,Nc1ccnc(Cl)n1
1482,Nc1ccncc1Cl
1483,Nc1ccncc1[N+](=O)[O-]
1484,Nc1ccncn1
1485,Nc1ccsc1.O=C(O)C(=O)O
1486,Nc1cn2nc(Cl)ccc2n1
1487,Nc1cn[nH]c1
1488,Nc1cnc(Br)cn1
1489,Nc1cnc(Cl)c(Cl)c1
1490,Nc1cnc(Cl)cc1Cl
1491,Nc1cnc(Cl)cn1
1492,Nc1cnc(Cl)nc1
1493,Nc1cncc(Cl)n1
1494,Nc1cncc(F)c1
1495,Nc1cnccn1
1496,Nc1cncnc1
1497,Nc1n[nH]c2c(Cl)cc([N+](=O)[O-])cc12
1498,Nc1n[nH]c2c(F)c(F)ccc12
1499,Nc1n[nH]c2cc(Cl)ccc12
1500,Nc1n[nH]c2cc(F)ccc12
1501,Nc1n[nH]c2ccc([N+](=O)[O-])cc12
1502,Nc1n[nH]c2ncccc12
1503,Nc1nc(-c2cc(Cl)ccc2Cl)cs1
1504,Nc1nc(-c2ccc(Cl)c(Cl)c2)cs1
1505,Nc1nc(-c2ccc(Cl)cc2)cs1
1506,Nc1nc(-c2ccc(F)cc2)cs1
1507,Nc1nc(-c2cccc([N+](=O)[O-])c2)cs1
1508,Nc1nc(-c2ccccc2Cl)cs1
1509,Nc1nc(-c2cccnc2)cs1
1510,Nc1nc(=O)[nH]cc1Br
1511,Nc1nc(Br)cn2ccnc12
1512,Nc1nc(C2CC2)cs1
1513,Nc1nc(Cl)c(C=O)c(Cl)n1
1514,Nc1nc(Cl)c2[nH]cnc2n1
1515,Nc1nc(Cl)c2cc[nH]c2n1
1516,Nc1nc(Cl)c2cn[nH]c2n1
1517,Nc1nc(Cl)cc(Cl)n1
1518,Nc1nc(Cl)ccc1Cl
1519,Nc1nc(Cl)ncc1Cl
1520,Nc1nc(F)cc(F)n1
1521,Nc1nc(F)nc2nc[nH]c12
1522,Nc1nc(NCc2ccc(F)cc2)ccc1[N+](=O)[O-]
1523,Nc1nc(OCc2ccccc2)c2nc[nH]c2n1
1524,Nc1nc2c(Br)cccc2s1
1525,Nc1nc2c(s1)CCCC2
1526,Nc1nc2c(s1)CN(C(=O)OCc1ccccc1)CC2
1527,Nc1nc2c(s1)COCC2
1528,Nc1nc2cc(Br)ccn2n1
1529,Nc1nc2cc([N+](=O)[O-])ccc2[nH]1
1530,Nc1nc2ccc(Cl)cc2o1
1531,Nc1nc2ccc(Cl)cc2s1
1532,Nc1nc2cccc(Br)n2n1
1533,Nc1nc2ccccc2[nH]1
1534,Nc1nc2ccccc2o1
1535,Nc1nc2ccccc2s1
1536,Nc1nc2nc[nH]c2c(=O)[nH]1
1537,Nc1nc[nH]n1
1538,Nc1ncc(-c2ccccc2)s1
1539,Nc1ncc(Cl)c(Cl)n1
1540,Nc1ncc(Cl)cc1Cl
1541,Nc1ncc(Cl)cc1F
1542,Nc1ncc(Cl)nc1Cl
1543,Nc1ncc(F)cc1[N+](=O)[O-]
1544,Nc1ncc(F)cn1
1545,Nc1ncc([N+](=O)[O-])cn1
1546,Nc1ncc([N+](=O)[O-])s1
1547,Nc1ncc[nH]c1=O
1548,Nc1nccc(-c2cccnc2)n1
1549,Nc1nccc(=O)[nH]1
1550,Nc1nccc(Cl)n1
1551,Nc1nccc2cccnc12
1552,Nc1ncccc1C=O
1553,Nc1ncccc1CO
1554,Nc1ncccc1F
1555,Nc1nccnc1Br
1556,Nc1nccnc1Cl
1557,Nc1nccnn1
1558,Nc1ncco1
1559,Nc1nccs1
1560,Nc1ncnc(=O)[nH]1
1561,Nc1ncnc(Cl)c1Cl
1562,Nc1ncnc2[nH]cnc12
1563,Nc1ncnc2[nH]ncc12
1564,Nc1ncnc2c1ncn2C1CCCCO1
1565,Nc1ncncc1Br
1566,Nc1ncnn2cccc12
1567,Nc1nnc(S)s1
1568,Nc1nncs1
1569,Nc1nnn[nH]1
1570,Nc1noc2ccc(F)cc12
1571,O=C(CC[C@H](NC(=O)OCC1c2ccccc2-c2ccccc21)C(=O)O)OC1CCCCC1
1572,O=C(NC(CC1CCCCC1)C(=O)O)OCC1c2ccccc2-c2ccccc21
1573,O=C(NC(CCc1ccccc1)C(=O)O)OCC1c2ccccc2-c2ccccc21
1574,O=C(NC(Cc1ccccc1)C(=O)O)OCC1c2ccccc2-c2ccccc21
1575,O=C(NC1(C(=O)O)CC1)OCC1c2ccccc2-c2ccccc21
1576,O=C(NC1(C(=O)O)CCC1)OCC1c2ccccc2-c2ccccc21
1577,O=C(NC1(C(=O)O)CCCC1)OCC1c2ccccc2-c2ccccc21
1578,O=C(NC1(C(=O)O)CCCCC1)OCC1c2ccccc2-c2ccccc21
1579,O=C(NC1(C(=O)O)CCOCC1)OCC1c2ccccc2-c2ccccc21
1580,O=C(NC1(C(=O)O)CCc2ccccc21)OCC1c2ccccc2-c2ccccc21
1581,O=C(NC1(C(=O)O)Cc2ccccc2C1)OCC1c2ccccc2-c2ccccc21
1582,O=C(NC1CC1)c1ccc(B(O)O)cc1
1583,O=C(NC1CCCCC1)c1ccc(F)c(B(O)O)c1
1584,O=C(NC1CN(c2cc(C(=O)O)cc(Cl)n2)C1)OCC1c2ccccc2-c2ccccc21
1585,O=C(NCC1CCC(C(=O)O)CC1)OCC1c2ccccc2-c2ccccc21
1586,O=C(NC[C@H]1CC[C@H](C(=O)O)CC1)OCC1c2ccccc2-c2ccccc21
1587,O=C(NCc1ccc(C(=O)O)cc1)OCC1c2ccccc2-c2ccccc21
1588,O=C(NCc1cccc(C(=O)O)c1)OCC1c2ccccc2-c2ccccc21
1589,O=C(NCc1ccco1)c1cccc(B(O)O)c1
1590,O=C(N[C@@H](C(=O)O)C1CCCC1)OCC1c2ccccc2-c2ccccc21
1591,O=C(N[C@@H](C(=O)O)C1CCCCC1)OCC1c2ccccc2-c2ccccc21
1592,O=C(N[C@@H](C/C=C/c1ccccc1)C(=O)O)OCC1c2ccccc2-c2ccccc21
1593,O=C(N[C@@H](CC1CC1)C(=O)O)OCC1c2ccccc2-c2ccccc21
1594,O=C(N[C@@H](CC1CCC1)C(=O)O)OCC1c2ccccc2-c2ccccc21
1595,O=C(N[C@@H](CCC1CCCCC1)C(=O)O)OCC1c2ccccc2-c2ccccc21
1596,O=C(N[C@@H](Cc1c(F)c(F)c(F)c(F)c1F)C(=O)O)OCC1c2ccccc2-c2ccccc21
1597,O=C(N[C@@H](Cc1cc(F)c(F)c(F)c1)C(=O)O)OCC1c2ccccc2-c2ccccc21
1598,O=C(N[C@@H](Cc1ccc(Br)cc1)C(=O)O)OCC1c2ccccc2-c2ccccc21
1599,O=C(N[C@@H](Cc1ccc(C(F)(F)F)cc1)C(=O)O)OCC1c2ccccc2-c2ccccc21
1600,O=C(N[C@@H](Cc1ccc(Cl)c(Cl)c1)C(=O)O)OCC1c2ccccc2-c2ccccc21
1601,O=C(N[C@@H](Cc1ccc(Cl)cc1Cl)C(=O)O)OCC1c2ccccc2-c2ccccc21
1602,O=C(N[C@@H](Cc1ccc(F)c(F)c1)C(=O)O)OCC1c2ccccc2-c2ccccc21
1603,O=C(N[C@@H](Cc1ccc(F)cc1)C(=O)O)OCC1c2ccccc2-c2ccccc21
1604,O=C(N[C@@H](Cc1ccc(F)cc1F)C(=O)O)OCC1c2ccccc2-c2ccccc21
1605,O=C(N[C@@H](Cc1ccc(I)cc1)C(=O)O)OCC1c2ccccc2-c2ccccc21
1606,O=C(N[C@@H](Cc1ccc([N+](=O)[O-])cc1)C(=O)O)OCC1c2ccccc2-c2ccccc21
1607,O=C(N[C@@H](Cc1ccccc1F)C(=O)O)OCC1c2ccccc2-c2ccccc21
1608,O=C(N[C@@H](Cc1cccnc1)C(=O)O)OCC1c2ccccc2-c2ccccc21
1609,O=C(N[C@@H](Cc1ccco1)C(=O)O)OCC1c2ccccc2-c2ccccc21
1610,O=C(N[C@@H](Cc1cccs1)C(=O)O)OCC1c2ccccc2-c2ccccc21
1611,O=C(N[C@@H](Cc1ccsc1)C(=O)O)OCC1c2ccccc2-c2ccccc21
1612,O=C(N[C@@H](Cc1csc2ccccc12)C(=O)O)OCC1c2ccccc2-c2ccccc21
1613,O=C(N[C@@H](Cc1cscn1)C(=O)O)OCC1c2ccccc2-c2ccccc21
1614,O=C(N[C@@H]1CCC[C@H]1C(=O)O)OCC1c2ccccc2-c2ccccc21
1615,O=C(N[C@@H]1CCN(c2cc(C(=O)O)cc(Cl)n2)C1)OCC1c2ccccc2-c2ccccc21
1616,O=C(N[C@@H]1CCN(c2ncc(Br)cc2C(=O)O)C1)OCC1c2ccccc2-c2ccccc21
1617,O=C(N[C@@H]1CC[C@H](C(=O)O)C1)OCC1c2ccccc2-c2ccccc21
1618,O=C(N[C@H](C(=O)O)C1CC1)OCC1c2ccccc2-c2ccccc21
1619,O=C(N[C@H](C(=O)O)C1CCCC1)OCC1c2ccccc2-c2ccccc21
1620,O=C(N[C@H](C(=O)O)C1CCCCC1)OCC1c2ccccc2-c2ccccc21
1621,O=C(N[C@H](C(=O)O)c1ccsc1)OCC1c2ccccc2-c2ccccc21
1622,O=C(N[C@H](CC1CCCC1)C(=O)O)OCC1c2ccccc2-c2ccccc21
1623,O=C(N[C@H](CCC1CCCCC1)C(=O)O)OCC1c2ccccc2-c2ccccc21
1624,O=C(N[C@H](Cc1c[nH]c2cc(Cl)ccc12)C(=O)O)OCC1c2ccccc2-c2ccccc21
1625,O=C(N[C@H](Cc1cc(F)cc(F)c1)C(=O)O)OCC1c2ccccc2-c2ccccc21
1626,O=C(N[C@H](Cc1ccc(-c2ccccc2)cc1)C(=O)O)OCC1c2ccccc2-c2ccccc21
1627,O=C(N[C@H](Cc1ccc(C(F)(F)F)cc1)C(=O)O)OCC1c2ccccc2-c2ccccc21
1628,O=C(N[C@H](Cc1ccc(Cl)c(Cl)c1)C(=O)O)OCC1c2ccccc2-c2ccccc21
1629,O=C(N[C@H](Cc1ccc(Cl)cc1)C(=O)O)OCC1c2ccccc2-c2ccccc21
1630,O=C(N[C@H](Cc1ccc(F)c(F)c1)C(=O)O)OCC1c2ccccc2-c2ccccc21
1631,O=C(N[C@H](Cc1ccc(I)cc1)C(=O)O)OCC1c2ccccc2-c2ccccc21
1632,O=C(N[C@H](Cc1ccc([N+](=O)[O-])cc1)C(=O)O)OCC1c2ccccc2-c2ccccc21
1633,O=C(N[C@H](Cc1ccccc1Cl)C(=O)O)OCC1c2ccccc2-c2ccccc21
1634,O=C(N[C@H](Cc1cccnc1)C(=O)O)OCC1c2ccccc2-c2ccccc21
1635,O=C(N[C@H](Cc1csc2ccccc12)C(=O)O)OCC1c2ccccc2-c2ccccc21
1636,O=C(N[C@H]1C=C[C@@H](C(=O)O)C1)OCC1c2ccccc2-c2ccccc21
1637,O=C(N[C@H]1CCC[C@@H]1C(=O)O)OCC1c2ccccc2-c2ccccc21
1638,O=C(N[C@H]1CCN(c2cc(C(=O)O)cc(Cl)n2)C1)OCC1c2ccccc2-c2ccccc21
1639,O=C(N[C@H]1CCN(c2ncc(Br)cc2C(=O)O)C1)OCC1c2ccccc2-c2ccccc21
1640,O=C(N[C@H]1CC[C@@H](C(=O)O)C1)OCC1c2ccccc2-c2ccccc21
1641,O=C(N[C@H]1CC[C@H](C(=O)O)CC1)OCC1c2ccccc2-c2ccccc21
1642,O=C(Nc1c(Br)cc(C(=O)O)cc1Br)OCC1c2ccccc2-c2ccccc21
1643,O=C(Nc1c(Br)cc(F)cc1C(=O)O)OCC1c2ccccc2-c2ccccc21
1644,O=C(Nc1c(Br)cccc1C(=O)O)OCC1c2ccccc2-c2ccccc21
1645,O=C(Nc1c(C(=O)O)cc(Cl)c(Br)c1F)OCC1c2ccccc2-c2ccccc21
1646,O=C(Nc1c(C(=O)O)ccc(Br)c1F)OCC1c2ccccc2-c2ccccc21
1647,O=C(Nc1c(C(=O)O)ccc2ccccc12)OCC1c2ccccc2-c2ccccc21
1648,O=C(Nc1c(C(=O)O)cccc1C(=O)O)OCC1c2ccccc2-c2ccccc21
1649,O=C(Nc1c(C(=O)O)cccc1[N+](=O)[O-])OCC1c2ccccc2-c2ccccc21
1650,O=C(Nc1c(C(=O)O)cnn1-c1ccc(F)cc1)OCC1c2ccccc2-c2ccccc21
1651,O=C(Nc1c(C(=O)O)cnn1CCO)OCC1c2ccccc2-c2ccccc21
1652,O=C(Nc1c(C(=O)O)sc2ncccc12)OCC1c2ccccc2-c2ccccc21
1653,O=C(Nc1c(Cl)c(Cl)nc(C(=O)O)c1Cl)OCC1c2ccccc2-c2ccccc21
1654,O=C(Nc1c(Cl)cc(C(=O)O)c2c1CCO2)OCC1c2ccccc2-c2ccccc21
1655,O=C(Nc1c(Cl)cc(Cl)nc1C(=O)O)OCC1c2ccccc2-c2ccccc21
1656,O=C(Nc1c(Cl)cc(F)cc1C(=O)O)OCC1c2ccccc2-c2ccccc21
1657,O=C(Nc1c(Cl)cccc1C(=O)O)OCC1c2ccccc2-c2ccccc21
1658,O=C(Nc1c(F)cc(Br)cc1C(=O)O)OCC1c2ccccc2-c2ccccc21
1659,O=C(Nc1c(F)cc(C(=O)O)cc1F)OCC1c2ccccc2-c2ccccc21
1660,O=C(Nc1c(F)cc(F)cc1C(=O)O)OCC1c2ccccc2-c2ccccc21
1661,O=C(Nc1c(F)ccc(Br)c1C(=O)O)OCC1c2ccccc2-c2ccccc21
1662,O=C(Nc1c(F)ccc(Cl)c1C(=O)O)OCC1c2ccccc2-c2ccccc21
1663,O=C(Nc1c(F)cccc1C(=O)O)OCC1c2ccccc2-c2ccccc21
1664,O=C(Nc1c(I)c(C(=O)O)c(I)c(C(=O)O)c1I)OCC1c2ccccc2-c2ccccc21
1665,O=C(Nc1c(I)cccc1C(=O)O)OCC1c2ccccc2-c2ccccc21
1666,O=C(Nc1c(OC(F)(F)F)cccc1C(=O)O)OCC1c2ccccc2-c2ccccc21
1667,O=C(Nc1cc(-n2cccn2)ccc1C(=O)O)OCC1c2ccccc2-c2ccccc21
1668,O=C(Nc1cc(Br)c(Cl)cc1C(=O)O)OCC1c2ccccc2-c2ccccc21
1669,O=C(Nc1cc(Br)c(F)cc1C(=O)O)OCC1c2ccccc2-c2ccccc21
1670,O=C(Nc1cc(Br)cc(C(=O)O)c1)OCC1c2ccccc2-c2ccccc21
1671,O=C(Nc1cc(Br)ccc1C(=O)O)OCC1c2ccccc2-c2ccccc21
1672,O=C(Nc1cc(Br)cnc1C(=O)O)OCC1c2ccccc2-c2ccccc21
1673,O=C(Nc1cc(C(=O)O)cc(C(=O)O)c1)OCC1c2ccccc2-c2ccccc21
1674,O=C(Nc1cc(C(=O)O)ccc1Br)OCC1c2ccccc2-c2ccccc21
1675,O=C(Nc1cc(C(=O)O)ccc1C(=O)O)OCC1c2ccccc2-c2ccccc21
1676,O=C(Nc1cc(C(=O)O)ccc1C(F)(F)F)OCC1c2ccccc2-c2ccccc21
1677,O=C(Nc1cc(C(=O)O)ccc1Cl)OCC1c2ccccc2-c2ccccc21
1678,O=C(Nc1cc(C(=O)O)ccc1F)OCC1c2ccccc2-c2ccccc21
1679,O=C(Nc1cc(C(=O)O)ccc1O)OCC1c2ccccc2-c2ccccc21
1680,O=C(Nc1cc(C(F)(F)F)ccc1C(=O)O)OCC1c2ccccc2-c2ccccc21
1681,O=C(Nc1cc(Cl)c(C(=O)O)cn1)OCC1c2ccccc2-c2ccccc21
1682,O=C(Nc1cc(Cl)cc(C(=O)O)c1)OCC1c2ccccc2-c2ccccc21
1683,O=C(Nc1cc(Cl)ccc1C(=O)O)OCC1c2ccccc2-c2ccccc21
1684,O=C(Nc1cc(Cl)nc(C(=O)O)c1Cl)OCC1c2ccccc2-c2ccccc21
1685,O=C(Nc1cc(Cl)ncc1C(=O)O)OCC1c2ccccc2-c2ccccc21
1686,O=C(Nc1cc(F)c(Br)cc1C(=O)O)OCC1c2ccccc2-c2ccccc21
1687,O=C(Nc1cc(F)c(F)cc1C(=O)O)OCC1c2ccccc2-c2ccccc21
1688,O=C(Nc1cc(F)cc(F)c1C(=O)O)OCC1c2ccccc2-c2ccccc21
1689,O=C(Nc1cc(F)ccc1C(=O)O)OCC1c2ccccc2-c2ccccc21
1690,O=C(Nc1cc(I)ccc1C(=O)O)OCC1c2ccccc2-c2ccccc21
1691,O=C(Nc1cc(O)cc(C(=O)O)c1)OCC1c2ccccc2-c2ccccc21
1692,O=C(Nc1cc([N+](=O)[O-])ccc1C(=O)O)OCC1c2ccccc2-c2ccccc21
1693,O=C(Nc1cc2ccccc2cc1C(=O)O)OCC1c2ccccc2-c2ccccc21
1694,O=C(Nc1ccc(Br)c(C(=O)O)c1)OCC1c2ccccc2-c2ccccc21
1695,O=C(Nc1ccc(Br)cc1C(=O)O)OCC1c2ccccc2-c2ccccc21
1696,O=C(Nc1ccc(C(=O)O)c(C(=O)O)c1)OCC1c2ccccc2-c2ccccc21
1697,O=C(Nc1ccc(C(=O)O)c(C(F)(F)F)c1)OCC1c2ccccc2-c2ccccc21
1698,O=C(Nc1ccc(C(=O)O)c(Cl)c1)OCC1c2ccccc2-c2ccccc21
1699,O=C(Nc1ccc(C(=O)O)c(F)c1)OCC1c2ccccc2-c2ccccc21
1700,O=C(Nc1ccc(C(=O)O)c([N+](=O)[O-])c1)OCC1c2ccccc2-c2ccccc21
1701,O=C(Nc1ccc(C(=O)O)cc1)OCC1c2ccccc2-c2ccccc21
1702,O=C(Nc1ccc(C(=O)O)cc1Br)OCC1c2ccccc2-c2ccccc21
1703,O=C(Nc1ccc(C(=O)O)cc1C(F)(F)F)OCC1c2ccccc2-c2ccccc21
1704,O=C(Nc1ccc(C(=O)O)cc1Cl)OCC1c2ccccc2-c2ccccc21
1705,O=C(Nc1ccc(C(=O)O)cc1F)OCC1c2ccccc2-c2ccccc21
1706,O=C(Nc1ccc(C(=O)O)cc1O)OCC1c2ccccc2-c2ccccc21
1707,O=C(Nc1ccc(C(=O)O)cc1OC(F)(F)F)OCC1c2ccccc2-c2ccccc21
1708,O=C(Nc1ccc(C(=O)O)cc1[N+](=O)[O-])OCC1c2ccccc2-c2ccccc21
1709,O=C(Nc1ccc(C(=O)O)cn1)OCC1c2ccccc2-c2ccccc21
1710,O=C(Nc1ccc(C(=O)O)nc1)OCC1c2ccccc2-c2ccccc21
1711,O=C(Nc1ccc(C(F)(F)F)cc1C(=O)O)OCC1c2ccccc2-c2ccccc21
1712,O=C(Nc1ccc(Cl)c(C(=O)O)c1)OCC1c2ccccc2-c2ccccc21
1713,O=C(Nc1ccc(Cl)cc1C(=O)O)OCC1c2ccccc2-c2ccccc21
1714,O=C(Nc1ccc(Cl)nc1C(=O)O)OCC1c2ccccc2-c2ccccc21
1715,O=C(Nc1ccc(F)c(C(=O)O)c1F)OCC1c2ccccc2-c2ccccc21
1716,O=C(Nc1ccc(F)c(F)c1)c1cccc(B(O)O)c1
1717,O=C(Nc1ccc(F)cc1)c1cccc(B(O)O)c1
1718,O=C(Nc1ccc(F)cc1C(=O)O)OCC1c2ccccc2-c2ccccc21
1719,O=C(Nc1ccc(I)cc1C(=O)O)OCC1c2ccccc2-c2ccccc21
1720,O=C(Nc1ccc([N+](=O)[O-])c(C(=O)O)c1)OCC1c2ccccc2-c2ccccc21
1721,O=C(Nc1ccc([N+](=O)[O-])cc1C(=O)O)OCC1c2ccccc2-c2ccccc21
1722,O=C(Nc1ccc2cc(C(=O)O)ccc2c1)OCC1c2ccccc2-c2ccccc21
1723,O=C(Nc1cccc(-c2cccc(C(=O)O)c2)c1O)OCC1c2ccccc2-c2ccccc21
1724,O=C(Nc1cccc(Br)c1C(=O)O)OCC1c2ccccc2-c2ccccc21
1725,O=C(Nc1cccc(C(=O)O)c1)OCC1c2ccccc2-c2ccccc21
1726,O=C(Nc1cccc(C(=O)O)c1C(=O)O)OCC1c2ccccc2-c2ccccc21
1727,O=C(Nc1cccc(Cl)c1C(=O)O)OCC1c2ccccc2-c2ccccc21
1728,O=C(Nc1cccc(F)c1)c1ccc(B(O)O)cc1
1729,O=C(Nc1cccc(F)c1)c1cccc(B(O)O)c1
1730,O=C(Nc1cccc(F)c1C(=O)O)OCC1c2ccccc2-c2ccccc21
1731,O=C(Nc1cccc(I)c1C(=O)O)OCC1c2ccccc2-c2ccccc21
1732,O=C(Nc1cccc([N+](=O)[O-])c1C(=O)O)OCC1c2ccccc2-c2ccccc21
1733,O=C(Nc1ccccc1C(=O)c1ccccc1C(=O)O)OCC1c2ccccc2-c2ccccc21
1734,O=C(Nc1ccccc1F)c1cccc(B(O)O)c1
1735,O=C(Nc1cccnc1C(=O)O)OCC1c2ccccc2-c2ccccc21
1736,O=C(Nc1ccnc(C(=O)O)c1)OCC1c2ccccc2-c2ccccc21
1737,O=C(Nc1cnc(Cl)cc1C(=O)O)OCC1c2ccccc2-c2ccccc21
1738,O=C(Nc1cncc(C(=O)O)n1)OCC1c2ccccc2-c2ccccc21
1739,O=C(Nc1cnccc1C(=O)O)OCC1c2ccccc2-c2ccccc21
1740,O=C(Nc1nc(-c2ccc(C(=O)O)cc2)cs1)OCC1c2ccccc2-c2ccccc21
1741,O=C(Nc1nc(C(F)(F)F)c(C(=O)O)s1)OCC1c2ccccc2-c2ccccc21
1742,O=C(Nc1nc(Cl)ccc1C(=O)O)OCC1c2ccccc2-c2ccccc21
1743,O=C(Nc1nc2cc(C(=O)O)ccc2[nH]1)OCC1c2ccccc2-c2ccccc21
1744,O=C(Nc1nc2ccc(C(=O)O)cc2s1)OCC1c2ccccc2-c2ccccc21
1745,O=C(Nc1nc2ncc(CNc3ccc(C(=O)O)cc3)nc2c(=O)[nH]1)OCC1c2ccccc2-c2ccccc21
1746,O=C(Nc1ncc(Br)cc1C(=O)O)OCC1c2ccccc2-c2ccccc21
1747,O=C(Nc1ncc(Br)nc1C(=O)O)OCC1c2ccccc2-c2ccccc21
1748,O=C(Nc1ncc(C(=O)O)s1)OCC1c2ccccc2-c2ccccc21
1749,O=C(Nc1nccnc1C(=O)O)OCC1c2ccccc2-c2ccccc21
1750,O=C(O)C(c1ccccc1)n1cccc1
1751,O=C(O)C1(C(F)F)CC1
1752,O=C(O)C1(CF)CC1
1753,O=C(O)C1(F)CC1
1754,O=C(O)C1(F)CCCC1
1755,O=C(O)C1(F)CCCCC1
1756,O=C(O)C12CCC(CC1)C2
1757,O=C(O)C1=CCCC1
1758,O=C(O)C1=CCOCC1
1759,O=C(O)C1=COCCO1
1760,O=C(O)C1C(F)(F)C12CC2
1761,O=C(O)C1C(F)(F)C12CCC2
1762,O=C(O)C1CC(C2CCOCC2)=NO1
1763,O=C(O)C1CC(F)(F)C1
1764,O=C(O)C1CC(F)C1
1765,O=C(O)C1CC(c2ccccc2F)=NO1
1766,O=C(O)C1CC1
1767,O=C(O)C1CC1(F)F
1768,O=C(O)C1CC12CC2
1769,O=C(O)C1CC12CCC2
1770,O=C(O)C1CC2(C1)CC2F
1771,O=C(O)C1CC2(CC2)C1
1772,O=C(O)C1CC2(CCC2)C1
1773,O=C(O)C1CC2(CCCO2)C1
1774,O=C(O)C1CC2(CCOCC2)C1
1775,O=C(O)C1CC2CCC1O2
1776,O=C(O)C1CCC(C(F)(F)F)CC1
1777,O=C(O)C1CCC(F)(F)C1
1778,O=C(O)C1CCC(F)(F)CO1
1779,O=C(O)C1CCC(O)CC1
1780,O=C(O)C1CCC(OC(F)(F)F)CC1
1781,O=C(O)C1CCC1
1782,O=C(O)C1CCC12CCOCC2
1783,O=C(O)C1CCC2(CC1)CC2
1784,O=C(O)C1CCC2(CC1)COCCO2
1785,O=C(O)C1CCC2(CCC2)OC1
1786,O=C(O)C1CCCC1
1787,O=C(O)C1CCCC1(F)F
1788,O=C(O)C1CCCCC1
1789,O=C(O)C1CCCCO1
1790,O=C(O)C1CCCN1C(=O)OCC1c2ccccc2-c2ccccc21
1791,O=C(O)C1CCCO1
1792,O=C(O)C1CCCOC1
1793,O=C(O)C1CCCOCC1
1794,O=C(O)C1CCN(C(=O)N2CCOCC2)CC1
1795,O=C(O)C1CCN(C(=O)OCC2c3ccccc3-c3ccccc32)C1
1796,O=C(O)C1CCN(c2ccc3nnnn3n2)CC1
1797,O=C(O)C1CCN(c2ccccc2)C1
1798,O=C(O)C1CCN(c2nccc(C(F)(F)F)n2)CC1
1799,O=C(O)C1CCOC1
1800,O=C(O)C1CCOC2(CCC2)C1
1801,O=C(O)C1CCOC2(CCCC2)C1
1802,O=C(O)C1CCOCC1
1803,O=C(O)C1CCS(=O)(=O)CC1
1804,O=C(O)C1CC[C@@H]2C[C@@H]2CC1
1805,O=C(O)C1CCc2cc(F)ccc2O1
1806,O=C(O)C1CCc2ccc(F)cc2O1
1807,O=C(O)C1CCc2ccccc2O1
1808,O=C(O)C1CN(C(=O)OCC2c3ccccc3-c3ccccc32)C1
1809,O=C(O)C1COC1
1810,O=C(O)C1COCCO1
1811,O=C(O)C1COc2ccccc2O1
1812,O=C(O)C1CSc2cnnn2C1
1813,O=C(O)C1C[C@@H]2C[C@@H]2C1
1814,O=C(O)C1Cc2cc(F)ccc2O1
1815,O=C(O)C1Cc2ccc(OC(F)F)cc2O1
1816,O=C(O)C1Cc2ccccc2O1
1817,O=C(O)C1[C@H]2COC[C@@H]12
1818,O=C(O)C1c2ccccc2CN1C(=O)OCC1c2ccccc2-c2ccccc21
1819,O=C(O)CC(NC(=O)OCC1c2ccccc2-c2ccccc21)c1ccc(Br)cc1
1820,O=C(O)CC(n1cccn1)C(F)(F)F
1821,O=C(O)CC1(CNC(=O)OCC2c3ccccc3-c3ccccc32)CCCCC1
1822,O=C(O)CC1(NC(=O)OCC2c3ccccc3-c3ccccc32)CCCCC1
1823,O=C(O)CC1CC1
1824,O=C(O)CC1CCC(F)(F)CC1
1825,O=C(O)CC1CCC2(CCOCC2)CO1
1826,O=C(O)CC1CCOCC1
1827,O=C(O)CC1COCCO1
1828,O=C(O)CC1NC(=O)NC1=O
1829,O=C(O)CC1OCCc2sccc21
1830,O=C(O)CC1Oc2ccccc2NC1=O
1831,O=C(O)CCCn1cnnn1
1832,O=C(O)CCCn1ncccc1=O
1833,O=C(O)CCNC(=O)OCC1c2ccccc2-c2ccccc21
1834,O=C(O)CCOc1cc(F)ccc1F
1835,O=C(O)CCc1ccc(-c2ccccc2)[nH]1
1836,O=C(O)CCc1nc(C2CCCC2)no1
1837,O=C(O)CCn1cccc1
1838,O=C(O)CN1CC(=O)Nc2ccccc21
1839,O=C(O)CNC(=O)OCC1c2ccccc2-c2ccccc21
1840,O=C(O)CNC(=O)c1ccco1
1841,O=C(O)COCC(F)(F)C(F)F
1842,O=C(O)COCCc1cccs1
1843,O=C(O)COC[C@H]1CCCN1C(=O)OCC1c2ccccc2-c2ccccc21
1844,O=C(O)COc1cccc(-c2csc(NC(=O)OCC3c4ccccc4-c4ccccc43)n2)c1
1845,O=C(O)COc1cccc2ccccc12
1846,O=C(O)CSc1nccs1
1847,O=C(O)C[C@@H](Cc1c(F)c(F)c(F)c(F)c1F)NC(=O)OCC1c2ccccc2-c2ccccc21
1848,O=C(O)C[C@@H](Cc1ccc(Br)cc1)NC(=O)OCC1c2ccccc2-c2ccccc21
1849,O=C(O)C[C@@H](Cc1ccc(C(F)(F)F)cc1)NC(=O)OCC1c2ccccc2-c2ccccc21
1850,O=C(O)C[C@@H](Cc1ccc(Cl)c(Cl)c1)NC(=O)OCC1c2ccccc2-c2ccccc21
1851,O=C(O)C[C@@H](Cc1ccc(Cl)cc1)NC(=O)OCC1c2ccccc2-c2ccccc21
1852,O=C(O)C[C@@H](Cc1ccc(Cl)cc1Cl)NC(=O)OCC1c2ccccc2-c2ccccc21
1853,O=C(O)C[C@@H](Cc1ccc(F)cc1)NC(=O)OCC1c2ccccc2-c2ccccc21
1854,O=C(O)C[C@@H](Cc1ccc(I)cc1)NC(=O)OCC1c2ccccc2-c2ccccc21
1855,O=C(O)C[C@@H](Cc1ccc([N+](=O)[O-])cc1)NC(=O)OCC1c2ccccc2-c2ccccc21
1856,O=C(O)C[C@@H](Cc1cccc(F)c1)NC(=O)OCC1c2ccccc2-c2ccccc21
1857,O=C(O)C[C@@H](Cc1ccccc1Cl)NC(=O)OCC1c2ccccc2-c2ccccc21
1858,O=C(O)C[C@@H](Cc1cccs1)NC(=O)OCC1c2ccccc2-c2ccccc21
1859,O=C(O)C[C@@H](NC(=O)OCC1c2ccccc2-c2ccccc21)c1ccc(Br)cc1
1860,O=C(O)C[C@@H](NC(=O)OCC1c2ccccc2-c2ccccc21)c1ccc(C(F)(F)F)cc1
1861,O=C(O)C[C@@H](NC(=O)OCC1c2ccccc2-c2ccccc21)c1ccc(Cl)cc1
1862,O=C(O)C[C@@H](NC(=O)OCC1c2ccccc2-c2ccccc21)c1ccc(Cl)cc1Cl
1863,O=C(O)C[C@@H](NC(=O)OCC1c2ccccc2-c2ccccc21)c1cccc(Cl)c1
1864,O=C(O)C[C@@H](NC(=O)OCC1c2ccccc2-c2ccccc21)c1cccc([N+](=O)[O-])c1
1865,O=C(O)C[C@@H](NC(=O)OCC1c2ccccc2-c2ccccc21)c1cccnc1
1866,O=C(O)C[C@@H](NC(=O)OCC1c2ccccc2-c2ccccc21)c1cccs1
1867,O=C(O)C[C@@H]1CCCN1C(=O)OCC1c2ccccc2-c2ccccc21
1868,O=C(O)C[C@H](C/C=C/c1ccccc1)NC(=O)OCC1c2ccccc2-c2ccccc21
1869,O=C(O)C[C@H](Cc1c(F)c(F)c(F)c(F)c1F)NC(=O)OCC1c2ccccc2-c2ccccc21
1870,O=C(O)C[C@H](Cc1ccc(Br)cc1)NC(=O)OCC1c2ccccc2-c2ccccc21
1871,O=C(O)C[C@H](Cc1ccc(C(F)(F)F)cc1)NC(=O)OCC1c2ccccc2-c2ccccc21
1872,O=C(O)C[C@H](Cc1ccc(Cl)c(Cl)c1)NC(=O)OCC1c2ccccc2-c2ccccc21
1873,O=C(O)C[C@H](Cc1ccc(Cl)cc1)NC(=O)OCC1c2ccccc2-c2ccccc21
1874,O=C(O)C[C@H](Cc1ccc(Cl)cc1Cl)NC(=O)OCC1c2ccccc2-c2ccccc21
1875,O=C(O)C[C@H](Cc1ccc(F)cc1)NC(=O)OCC1c2ccccc2-c2ccccc21
1876,O=C(O)C[C@H](Cc1ccc(I)cc1)NC(=O)OCC1c2ccccc2-c2ccccc21
1877,O=C(O)C[C@H](Cc1ccc([N+](=O)[O-])cc1)NC(=O)OCC1c2ccccc2-c2ccccc21
1878,O=C(O)C[C@H](Cc1cccs1)NC(=O)OCC1c2ccccc2-c2ccccc21
1879,O=C(O)C[C@H](Cc1csc2ccccc12)NC(=O)OCC1c2ccccc2-c2ccccc21
1880,O=C(O)C[C@H](NC(=O)OCC1c2ccccc2-c2ccccc21)c1ccc(F)cc1
1881,O=C(O)C[C@H](NC(=O)OCC1c2ccccc2-c2ccccc21)c1cccc(Cl)c1Cl
1882,O=C(O)C[C@H]1CCCN1C(=O)OCC1c2ccccc2-c2ccccc21
1883,O=C(O)C[C@H]1Cc2ccccc2CN1C(=O)OCC1c2ccccc2-c2ccccc21
1884,O=C(O)Cc1[nH]nc2ccccc12
1885,O=C(O)Cc1c[nH]c2ccc(F)cc12
1886,O=C(O)Cc1cc(F)cc2c1OCOC2
1887,O=C(O)Cc1ccc(NC(=O)OCC2c3ccccc3-c3ccccc32)cc1
1888,O=C(O)Cc1ccc2[nH]ncc2c1
1889,O=C(O)Cc1ccc2c(c1)OC(F)(F)O2
1890,O=C(O)Cc1ccccc1OC(F)F
1891,O=C(O)Cn1ccc2cc(F)ccc21
1892,O=C(O)Cn1nccn1
1893,O=C(O)[C@@H]1C=C(c2ccc(Br)nc2)CN1C(=O)OCC1c2ccccc2-c2ccccc21
1894,O=C(O)[C@@H]1C=C(c2ccnc(Br)c2)CN1C(=O)OCC1c2ccccc2-c2ccccc21
1895,O=C(O)[C@@H]1C=C(c2cnc(Cl)nc2)CN1C(=O)OCC1c2ccccc2-c2ccccc21
1896,O=C(O)[C@@H]1CC1(F)F
1897,O=C(O)[C@@H]1CCCCN1C(=O)OCC1c2ccccc2-c2ccccc21
1898,O=C(O)[C@@H]1CCCN1C(=O)OCC1c2ccccc2-c2ccccc21
1899,O=C(O)[C@@H]1CCCN1C(=O)[C@@H]1CCCN1C(=O)OCC1c2ccccc2-c2ccccc21
1900,O=C(O)[C@@H]1CCCO1
1901,O=C(O)[C@@H]1CCOC1
1902,O=C(O)[C@@H]1CN(C(=O)OCC2c3ccccc3-c3ccccc32)C[C@H]1c1ccc(Cl)nc1
1903,O=C(O)[C@@H]1CN(C(=O)OCC2c3ccccc3-c3ccccc32)C[C@H]1c1ccnc(Cl)c1
1904,O=C(O)[C@@H]1CSCN1C(=O)OCC1c2ccccc2-c2ccccc21
1905,O=C(O)[C@@H]1C[C@@H]1F
1906,O=C(O)[C@@H]1C[C@@H]2CCCC[C@@H]2N1C(=O)OCC1c2ccccc2-c2ccccc21
1907,O=C(O)[C@@H]1C[C@@H]2O[C@H]1[C@H]1C[C@H]12
1908,O=C(O)[C@@H]1C[C@H]1F
1909,O=C(O)[C@@H]1C[C@H]1c1ccc(F)c(F)c1
1910,O=C(O)[C@@H]1Cc2ccc(O)cc2CN1C(=O)OCC1c2ccccc2-c2ccccc21
1911,O=C(O)[C@@H]1Cc2ccccc2CN1C(=O)OCC1c2ccccc2-c2ccccc21
1912,O=C(O)[C@@H]1Cc2ccccc2N1C(=O)OCC1c2ccccc2-c2ccccc21
1913,O=C(O)[C@@H]1Cc2ccccc2O[C@H]1C(F)F
1914,O=C(O)[C@@H]1OC[C@@H]2COCC[C@@H]21
1915,O=C(O)[C@@H]1[C@H]2CCCO[C@H]21
1916,O=C(O)[C@@]12CCC[C@@H]1C2
1917,O=C(O)[C@@]12COC[C@@H]1C2
1918,O=C(O)[C@@]12C[C@@H](F)[C@@H]1C2
1919,O=C(O)[C@H]1CC1(F)F
1920,O=C(O)[C@H]1CC2CCCCC2N1C(=O)OCC1c2ccccc2-c2ccccc21
1921,O=C(O)[C@H]1CCCCN1C(=O)OCC1c2ccccc2-c2ccccc21
1922,O=C(O)[C@H]1CCCO1
1923,O=C(O)[C@H]1CCN1C(=O)OCC1c2ccccc2-c2ccccc21
1924,O=C(O)[C@H]1CC[C@@H](C(=O)N2CCCC2)O1
1925,O=C(O)[C@H]1CC[C@@H](CO)CC1
1926,O=C(O)[C@H]1CC[C@@H](n2cccc2)CC1
1927,O=C(O)[C@H]1COCCN1C(=O)OCC1c2ccccc2-c2ccccc21
1928,O=C(O)[C@H]1C[C@H](O)CN1C(=O)OCC1c2ccccc2-c2ccccc21
1929,O=C(O)[C@H]1Cc2ccccc2CN1C(=O)OCC1c2ccccc2-c2ccccc21
1930,O=C(O)c1[nH]nc2c1COCC2
1931,O=C(O)c1c(C(F)F)nc2n1CCCC2
1932,O=C(O)c1c(F)ccc(F)c1F
1933,O=C(O)c1cc(-c2ccccc2)ccn1
1934,O=C(O)c1cc(-n2cccc2)ccn1
1935,O=C(O)c1cc(-n2cccn2)ccn1
1936,O=C(O)c1cc(Br)cnc1N1CCCN(C(=O)OCC2c3ccccc3-c3ccccc32)CC1
1937,O=C(O)c1cc(Br)cnc1N1CCN(C(=O)OCC2c3ccccc3-c3ccccc32)CC1
1938,O=C(O)c1cc(C(F)(F)F)ccn1
1939,O=C(O)c1cc(C2CC2)ccn1
1940,O=C(O)c1cc(C2CC2)n2nccc2n1
1941,O=C(O)c1cc(C2CC2)on1
1942,O=C(O)c1cc(Cl)nc(N2CCCN(C(=O)OCC3c4ccccc4-c4ccccc43)CC2)c1
1943,O=C(O)c1cc(Cl)nc(N2CCN(C(=O)OCC3c4ccccc4-c4ccccc43)CC2)c1
1944,O=C(O)c1cc(F)c(N2CCOCC2)c(F)c1
1945,O=C(O)c1cc(F)ccc1-c1ccccc1
1946,O=C(O)c1cc2c(F)cccc2[nH]1
1947,O=C(O)c1cc2c([nH]c1=O)CCCCC2
1948,O=C(O)c1cc2nccc(C3CC3)n2n1
1949,O=C(O)c1ccc(-c2cc[nH]n2)s1
1950,O=C(O)c1ccc(-c2ccco2)[nH]1
1951,O=C(O)c1ccc(-c2cn[nH]c2)cc1
1952,O=C(O)c1ccc(-c2cn[nH]c2)cn1
1953,O=C(O)c1ccc(-c2nnc(C3CC3)[nH]2)cc1
1954,O=C(O)c1ccc(-c2noc(=O)[nH]2)cc1
1955,O=C(O)c1ccc(-n2cccn2)nn1
1956,O=C(O)c1ccc(-n2cnc3ccccc32)nc1
1957,O=C(O)c1ccc(C2CCCO2)s1
1958,O=C(O)c1ccc(N2CCOCC2)nc1
1959,O=C(O)c1ccc(N2CCOCC2)nn1
1960,O=C(O)c1ccc2[nH]ccc2c1
1961,O=C(O)c1ccc2[nH]ncc2c1
1962,O=C(O)c1ccc2c(c1)OCCCO2
1963,O=C(O)c1cccc(-c2ccc(C(F)(F)F)cc2)c1
1964,O=C(O)c1cccc(-c2ccncc2)c1
1965,O=C(O)c1cccc(-c2cn[nH]c2)c1
1966,O=C(O)c1cccc(-c2cncnc2)c1
1967,O=C(O)c1cccc(-n2cnnn2)c1
1968,O=C(O)c1cccc(C(F)(F)F)n1
1969,O=C(O)c1cccc(C2(F)COC2)c1
1970,O=C(O)c1cccc(N2CC=CC2)c1
1971,O=C(O)c1cccc(N2CCOCC2)c1
1972,O=C(O)c1cccc(N2CCOCC2)n1
1973,O=C(O)c1cccc(N2CCOCC2=O)c1
1974,O=C(O)c1cccc(O)c1
1975,O=C(O)c1cccc(Oc2ncccn2)c1
1976,O=C(O)c1cccc2[nH]ncc12
1977,O=C(O)c1cccc2c1OC(F)(F)O2
1978,O=C(O)c1ccccc1-c1cn[nH]c1
1979,O=C(O)c1ccccc1OC1CCCC1
1980,O=C(O)c1cccnc1-c1ccccc1
1981,O=C(O)c1cccnc1-n1cccc1
1982,O=C(O)c1cccnc1-n1cnc2ccccc21
1983,O=C(O)c1cccnc1N1CCOCC1
1984,O=C(O)c1ccn(C2CC2(F)F)n1
1985,O=C(O)c1ccn(C2CCOCC2)n1
1986,O=C(O)c1ccn(COc2ccccc2)n1
1987,O=C(O)c1ccn(Cn2cccn2)n1
1988,O=C(O)c1ccn2cnnc2c1
1989,O=C(O)c1ccnc(-n2cccn2)c1
1990,O=C(O)c1ccnc(N2CCOCC2)c1
1991,O=C(O)c1ccnc(N2CCOCC2)n1
1992,O=C(O)c1ccnc(OC(F)(F)F)c1
1993,O=C(O)c1ccnc(OC2CCOC2)c1
1994,O=C(O)c1ccnc2ccccc12
1995,O=C(O)c1cn(-c2ccncc2)nn1
1996,O=C(O)c1cn2[nH]ccc2n1
1997,O=C(O)c1cn2ccncc2n1
1998,O=C(O)c1cn[nH]c1-c1ccc2c(c1)OCO2
1999,O=C(O)c1cn[nH]c1-c1ccncc1
2000,O=C(O)c1cn[nH]c1C1CC1
2001,O=C(O)c1cn[nH]c1C1CCCCC1
2002,O=C(O)c1cn[nH]c1C1CCCO1
2003,O=C(O)c1cnc(-c2ccccc2)o1
2004,O=C(O)c1cnc2c(F)ccc(F)c2c1
2005,O=C(O)c1cnc2ncccn12
2006,O=C(O)c1cnc2sccn2c1=O
2007,O=C(O)c1cncc(-n2ccnn2)c1
2008,O=C(O)c1cncc(N2CCOCC2)c1
2009,O=C(O)c1cnccn1
2010,O=C(O)c1cnn(-c2ccccc2F)c1
2011,O=C(O)c1cnn(C2CC2(F)F)c1
2012,O=C(O)c1cnn2c(-c3ccco3)ccnc12
2013,O=C(O)c1csc(-c2ccncc2)n1
2014,O=C(O)c1csc(N2CCOCC2)n1
2015,O=C(O)c1cscn1
2016,O=C(O)c1n[nH]c(C2CC2)c1F
2017,O=C(O)c1nccc(N2CCOCC2)n1
2018,O=C(O)c1nccnc1N1CCCCC1
2019,O=C(O)c1ncn(-c2ccccc2)n1
2020,O=C(O)c1ncsc1C(F)(F)F
2021,O=C(O)c1scc2c1CCCC2
2022,O=C(OCC1c2ccccc2-c2ccccc21)N1CCC(Cc2ccnc(Br)c2)(C(=O)O)C1
2023,O=C(OCC1c2ccccc2-c2ccccc21)N1CCC(Cc2ccnc(Br)c2)(C(=O)O)CC1
2024,O=C(c1cccc(B(O)O)c1)N1CCCC1
2025,O=C1CC(C(=O)O)c2cccnc2N1
2026,O=C1CC2(C1)CC(C(=O)O)C2
2027,O=C1CCC(C(=O)O)CC1
2028,O=C1NC(=O)C2(CCC(C(=O)O)CC2)N1
2029,O=C1NCC(Cn2cc(C(=O)O)nn2)O1
2030,O=c1ccccn1Cc1ccc(B(O)O)cc1
2031,OB(O)C1=CCCC1
2032,OB(O)C1=CCOCC1
2033,OB(O)c1cc(C(F)(F)F)cc(C(F)(F)F)c1
2034,OB(O)c1cc(C(F)(F)F)ccc1F
2035,OB(O)c1cc(F)c(F)c(F)c1
2036,OB(O)c1cc(F)c(OC(F)F)c(F)c1
2037,OB(O)c1cc(F)cc(C(F)(F)F)c1
2038,OB(O)c1cc(F)cc(F)c1
2039,OB(O)c1cc(F)cc2ccoc12
2040,OB(O)c1cc(OC(F)(F)F)ccc1F
2041,OB(O)c1cc(OCc2ccccc2)ccc1F
2042,OB(O)c1cc2c(F)cccc2s1
2043,OB(O)c1cc2ccccc2o1
2044,OB(O)c1cc2ccccc2s1
2045,OB(O)c1ccc(-c2ccccc2)nc1
2046,OB(O)c1ccc(-c2nn[nH]n2)cc1
2047,OB(O)c1ccc(-n2c3ccccc3c3ccccc32)cc1
2048,OB(O)c1ccc(-n2cccn2)cc1
2049,OB(O)c1ccc(-n2nccc2C2CC2)cc1
2050,OB(O)c1ccc(C(F)(F)F)nc1
2051,OB(O)c1ccc(C(F)(F)F)s1
2052,OB(O)c1ccc(C(F)F)cc1
2053,OB(O)c1ccc(C2CCCC2)cc1
2054,OB(O)c1ccc(Cn2cccn2)c(F)c1
2055,OB(O)c1ccc(F)c(C(F)(F)F)c1
2056,OB(O)c1ccc(F)c(F)c1F
2057,OB(O)c1ccc(N2CCCC2)cc1
2058,OB(O)c1ccc(N2CCOCC2)c(F)c1
2059,OB(O)c1ccc(N2CCOCC2)cc1
2060,OB(O)c1ccc(OC(F)(F)F)c(F)c1
2061,OB(O)c1ccc(OCC2CCCCO2)cc1
2062,OB(O)c1ccc(OCc2ccccc2)cc1F
2063,OB(O)c1ccc(Oc2cccc(C(F)(F)F)c2)cc1
2064,OB(O)c1ccc2c(c1)CC2
2065,OB(O)c1ccc2c(c1)CCC2
2066,OB(O)c1ccc2c(c1)CCCO2
2067,OB(O)c1ccc2c(c1)OCC2
2068,OB(O)c1ccc2c(c1)OCCO2
2069,OB(O)c1ccc2c(c1)OCO2
2070,OB(O)c1ccc2c[nH]nc2c1
2071,OB(O)c1ccc2ccc(O)cc2c1
2072,OB(O)c1ccc2ccccc2c1F
2073,OB(O)c1ccc2cccnc2c1
2074,OB(O)c1ccc2cnccc2c1
2075,OB(O)c1cccc(C(F)(F)F)c1
2076,OB(O)c1cccc(C(F)(F)F)c1F
2077,OB(O)c1cccc(F)c1F
2078,OB(O)c1cccc(O)c1
2079,OB(O)c1cccc(OC(F)(F)F)c1F
2080,OB(O)c1cccc(OC2CCCC2)c1
2081,OB(O)c1cccc(OCC2CC2)c1
2082,OB(O)c1cccc2c1OCCCO2
2083,OB(O)c1cccc2c1oc1ccccc12
2084,OB(O)c1cccc2ccsc12
2085,OB(O)c1cccc2cnccc12
2086,OB(O)c1cccc2ncccc12
2087,OB(O)c1ccccc1
2088,OB(O)c1ccccc1C(F)(F)F
2089,OB(O)c1ccccc1C1CC1
2090,OB(O)c1ccccc1CC(F)(F)F
2091,OB(O)c1ccccc1O
2092,OB(O)c1ccco1
2093,OB(O)c1cccs1
2094,OB(O)c1ccnc2ccccc12
2095,OB(O)c1ccoc1
2096,OB(O)c1ccsc1
2097,OB(O)c1cnc(C2CC2)nc1
2098,OB(O)c1cnn(-c2cccc(C(F)(F)F)c2)c1
2099,OB(O)c1coc(C(F)(F)F)c1
2100,OB(O)c1csc(C(F)(F)F)c1
2101,OB(O)c1cscc1C(F)(F)F
2102,OB1OCCc2cc(F)ccc21
2103,OB1OCc2c(OCc3ccccc3)cccc21
2104,OB1OCc2cc(F)ccc21
2105,OB1OCc2cc3c(cc21)OCCO3
2106,OB1OCc2cc3c(cc21)OCO3
2107,OCCCc1cccc(B(O)O)c1
2108,OCc1ccc(B(O)O)c(F)c1
2109,[N-]=[N+]=NCCC[C@H](NC(=O)OCC1c2ccccc2-c2ccccc21)C(=O)O
